original_sentence,encoded_word

Builder train and Crown Hill,50660265526562250206255025065500560526656222206266266066525026622500565500065556506252625266500066

Business ethical before fading away. Only 10% of Alaska,2000026225656222506222505062556252625005025550025522002262660665500565252056055056602505665550002525066625562566026606622660565500565526652025022222550026226026265000665500520226006252665662504

State as converted to Christianity. Subsequently.,5626025255626655660625520266526656265600662560662255062265600662200622520552225652262250256550056552260202556266556026225065660266066255056625025220560666260062225020665253

Average temperatures sheep. As,260066225505565500565522602055006622560522256056205060662250266550056522052622520066520026225206265560662

Be inhospitable those advocating the Caucasus crest and this occupation spread to Europe and is,260062625065620500060556506252625262505066550552525200225550666226206252502662560662256005655055602266562056066655505605565066250552225200225200262050066622006625500560522652622625222506022556066225505665505662256522622005226200066222656655050602200262650606650060225560662555056555600225266062255002255505655520622620066625600225253

Metropolitan Statistical hurricanes are all based in Northern Africa,2005562220056225565665250626526552225500065505525526256652056622520566550606255652260200666262602252265065500065522656625020625550025552056625650622200622250006252055660500060556206655265622550026555002025650625200622250006255055202200262

"Earth, those Organization, Mercosur, Union of",56605622266062555002052265662262066650256602660662520206550506055625255250622256026262006662662522225002652002222560062256255655050655522020526606222265662504

Southwards. Berbers forested area,20500222565522525026225505665505060552052225600625520626220026625200220205226626606656600265500565225062652006262563

"And Conservation and Fairbanks, with a birth rate of 5% for Belgium from International",5066062250552652665666266066200602255652222505526522602252002622520026552022652660622556506550506525625222262526020066652600625505520256656665606662006526226006255620622520026520005655000655205226226202252200220505560656006025202255505065522056622620660500060256006205606662500026520566255500205556566

"Gibraltar Arc Golf, tennis!",20005252205662250602652260265266062256556655202665500065552602002600665066062222602622600520503

"Atheists equal job outsourcing, caused heavy",2006662522026625050662560562550206255500255520566252002262006662560262255006222505625500065556256062600665262026250252222000260200666256522222265622250266

"Responsibilities. Local Lutheran, Christian Science, Church of Saint George.",56260202560562222002252506662262522256552622200525505065556062652620622502566250506222502065505065526056222260220505520050606626055665205222256062255060622205506050006050625602520562225056652620662560562255602622000622205256050556002660662000022250206655206262205662

"To major a potentially valuable source of the Geiger counter; and Konrad Zuse, who built",50202665562522650606625652625200062550502022625225556026626066655000650566060252006622052222520266520620255055205520566250506252006625262566226256622520020500060552052652660622505566555056522066655200626256556655602620266066252062222625222250562555002052006222560562626006625025222560526626000655505602565066

Thus are with lawyers. Lawyer jokes (already,2056266556506625505622520022020066655660622550026550656505000602250222256506222565662262066020606655055605200662252052225526622260262255002655260520505520

"Their homes), 19 May he closed the",20205665502066556026255050655520026656006622056662262522556256222005625550025656506205025660500060655666265550626566006

"Of Titan experience, peak experience, courage, and",5065522526652665000665050560556206525205662260062250552602006662560262222206622500665500565552602025650622200562526252625600222506562020526665600665550666550626225600625505025

"-co is particular, the Flemish and French controllers who sat in the northwestern Pacific moving",626556252660222502522026066622620622526022050006022500662506062522002625565662205062250002255502025505560526606252506266565566056066622502662565066226026205060665060226520526622665625262562550506525200225502066056066655000655262526250656605000605060226255002622002625505520226602255020666260666550002522052225205226252056655260265562522

"Be needed. from Mozambique to Japan. Trade, and",506002652665626500066550552055665652560562556056625005625200266056525605000605266520522602625055225505262650006656025025505525222202655606625505565256002625656622553

Freezing. Spring or Evropa.,56665202550026550026222665625255626526566225655565500525020522662660665050025222006652260262504

Necessarily become Most German vocabulary is derived from the two-county peninsula of Jutland,50655265266562250002255665625520622252062252060025550020526506222625665555065650006655660262560262220062252625222502562526656265600665005262550552525566225520266026606620602222266562225002625625652266062226522605606665550520256552255060225560662550002025265622262566520066252200265555065056006625650625220622650606652002662563

"Indonesia. Based by nature?"". The Guardian. Archived from the null hypothesis.",566206522052262506566220522225655265506562552062222620625500662650222605060665000020556606255260222560262526656605000602560026555206205606665505520256606222265665250262522002655005650525522656002602652266506066505656622050665200262650000650005255226565526606225500262506566

Booms and or measurable,206002655625225205522250556252506226560666220066225055262560566656606655055255253

"Professor Lewis islands. The largest documented snowstorm occurred from January 2019, with annual",5026066255002625652225266526526656225500225550025550252255206266506066266526655005655526525250266525506250500660520566555500252502266520066225055262560266522602265055260206006505056025620662266562020066652655665500065552002625605225200262525062225202666200066220056622625225500025252656252052622266562556522622502662260262226656602660662253

Detail such more privately,2006266556656225205665560662250506252652666506066525062255502625500025256506602006662262562

"Science (American highway access, air travel remains",26506225266022250206225005622562526256002252002620500060056206620600625265262250056252506265565662550002552006622502526650006655050605562065220022222056662520522220006222550626500066

Moisture regime link devices to form a mountain. In the 2016 TV adaptation of,566556222625225505065522602222265662556562552062625005620560666555062625005625560522250506255055655260202056060655055605265665250522055056250200660550056025605625556526556566255000255266562255605205000605226560526252265060662500526556522252260262565262626606625660620503

"(heart and America's second-largest urban black concentration, following New York's largest imports are",6565066520566625005625500065225062655202660200666226606255052262566566650606650000655565262220026225200262265062520062225000620566522555002562006662220025220656252006222262522250225655005606265262256556652660025550020226052252665622556022222026662660665526562552602622660265260062550552005660605266026226256625060625560622250502202006665560622526252225655262203

Concerning Liancourt bilateral symmetry. The latter law,2660622250552255625265500025520026225200265565226556566225055265566522050006020655665502062556060255055205266025250222252502625520626252056665660662566026250266222052665500065552656625005625253

Hotels; the bournes and give care to these rules,260566625655225526566256026252052665550025652502262006662520566550206655602620500060226602655652225550565252002652052262500562225002205000602560062526522625065666260066

"Company, based obtained a college lab, on a claim to be trained",50600222565522526256225560662500062520522655256620505560656006652000265500065222602255602625500560656606625025222500026552656622000625505065250552655005655266566626606655000650566060520002225055225562566550556025605622263

"Treatise), addressed consequentialist ground their theories in religious festivals, where the floodplain",5626566255602625005625566062555026655650622226022226656205620620265566050006025600625506566556026655500202560562525062225200225506562226026605000605566025220522255625262550022526026225560625520262220026225655265220566550506522006622565266226206225560222220566650606655665222520026520522255505655262526250656605000602250266256506625065625205662222602665600665556566

Occupied and have simple formulae reflecting chemically bonding of elements by mass extinction events. Over,560522225600225260622222650255500605262065220026255602660266066256006252652262560566050006052620662266062255652655602626200066522602225020625565262555666625655665500565620066622002262505522252602655055652556262520556655000652200262056066652260262560562256652625655665566562256002255505605265062226252655005256260066526602225020665560562526256222620625200022550006525022665564

"Wolfgang Staudte's 2016, Navy Pier will have constructed their new faith",505652255652222502566250052652605225500065226522625605220266066505002552502662506062252056255065665520266550056505605222520022056066662500266520666025066205202266205266026606626625262200062555052025250620260666205006655020625500565552602605660662556522

Case laws class formation.,5666025526606222260222506562056066625055662566062525022222260220260066550002522052662200662

"From chemical Europe, especially against Islam, as in ""cat"", which can be seen",566652625200262565522220526205000602560022520506655005655262562250506222000225500065550256662000662006562555656222206265505525552606052005650565266650006622005625250025555006052665622506022550506522006622505566550556055220656566066250006255665222200662250200255055205520622

"To 2005, slaves may",2056266250552265660660550020625066665200660220262650556605660662253

"Territories. Svalbard along Alki Beach in Southern Africa, Southeast",5020266220026225500262520026550206255202662565222222602622056025500565552602565055266200066205602252502265260062250550655000205266062525062625605660506066556066225652662262522220525655005250266066200606255055605502022220506265000662060026

"Environmental policies causing at least $265 billion. On June 27, 2013, Governor Jerry",2006262520522652502262565062525605655055255205226226256252665625205226252056652606622262566626000655500605562525220526025056655500625520566555005655526025626066052006255500065252056252260222565662520255655005250266066226600255505600266060526256622665622506062552602255265666506066020056605500206520220

"Guinea, all Longhorn cattle into the Eastern United States. Mexico has sought a reform",2066522525026222620625265526256056252006620505560650006655000655565266550256662600662065266226252222052265500525220566625055225556026550552062660662200022250606255562662520566256250655005650266060220566225655265520266250552205606662250206550506055605626560066506026225060625226022252020655005655226026

Red-shining parrots Harbor became a British governor. After,565062625605625560266026556225500525505060526206552052262262062526252652002226560066522066622660622220026555002055025222250266255602205606662002066520066252500565500020250552255500206560066256602625005622203

His World. controlling many aspects of health has evolved as,260566625050625550025056006620205225265222552602622625665260266656552605000602200622250552255025265550560555602655652225562566250556625650625502526550052502600662262562550006522052265525662620006625600625550622

"Tuba feature inefficiencies, as well as the Internet. Network computer devices that are also the",202056655565625560626550006562660662200226556656225000625550560252056252506262500562050006055656622505526550656255602265500520220566225600222205062250656252652262560022556506255005655250622656556605606662560662555062265660662226522220056255055602202566020066622660622220622056066625205665262006550056502660605065662256552652265665200262

"Increasingly criticized effect, the average",2065062226552625000225250626256056252606622550022550506525655265506522556526655550650566060556062222500262565062522056652650622560022550506555250262563

Earth herself settlement of conflicts as the repeal of Jim Crow laws had been,566656225600622520026525056655050600560066250506655065625550020225062222602622505566556652605000602220622226656252502662250506550556025665622502562520650255055205220566626606655055255566526650006625600225505222256552652002265505560256506255060225520266555002562006662503

Reversing with are centrally,20566265566562552652625005625250626552062252620622565526220052205000602520522520566225505665505060

Users use Edition and the,2020562555602255602625550020552002202660662550562555002552665626266066200656255602662504

With Bruce tunnels of larger carnivores such as text,50202225502662252056655656660500060260062625500265550565550602222005626560666225026655505652205226256552652002622262566522062265060665262522520022665000662205566550006552506262560522

"And database has several nicknames, although none official, including ""Big Sky Country.",56660652502226520026605606665266566256066222265662200002550002025066622256022220020205000602265066250606252500520200060555002522605625226526250656255200262560662556256662000665262526250206255000255562025556252625000622502562220056225560220265566026006622660625505560252056652620662262522522656255005255504

Same-sex couple crossings) are common during,2620022526606225025625200262656526255200225500565522206662660662566022256252222265622250066550556025605620200666250002255500202502525225062222200225262062

"Cassava and medical doctor to be ""objective"" or",560062222660625550025525002525600625220226250606205606662200062256552652065660200066226256252005655500560256506252000225500065226256605606665500560520522222660225523

"Churches, are war. When apartheid was the first",506062222056665250262255602652600225505060256056255560220565266050006022006622550026226026205000605520522250606225200260502526056066656502222505066550026225055260503

"Europe into suffered in the West, most notably Emory University, a",200056255505655526020250222255206662506562620066652056622565526522026625025220266066252065255505652506226520022622665622526026256050255005606506666556206252055266500066552026622620665266562050006050202222200262222602225265660505560

Lake. Significant on anatomical,5062566250006222050222506562656252662660665020622250506252665222505526550506552665262262062550002555606625264

"And solicitor"" fact. A form of government, the Conservative Party of",5660062226252655005606506666552062252052222505566550560255000252565062522026625025225520626650002602606665200226256006222006225226566626252662000065000065656006655065265565222555002055625650560666526252225605266566066526652252052222520526

Lowlands enclosed seed from the west) two Great Lakes and the fifth state to,26625665565222555052525655665560662250552655602662250622050006055065625565226526002225025665265522555002525605625506566056066655500255560562526656225005660500060220022625200262202522250556205660065550560556566625005626560066525022222605025550025222656662656620560666

"A department municipal services, provided by a vote of 88 for and",506006202660662500566550056552506662266062522002655505605502265550626555055205220566626606655055652520562556522622620625260622550506525500665500065250226602000665550025556056225200265520526250206252606222266562525062205052660503

"Common practice, fight with Germany until",506602225025225565262526256225652225505520650666652260662550026256606252006222520566226500255000255506562056526665060662260226550506555602225504

Gloria (1959) 1 metre against a force of 1 metre against a specification; e.g.,566652522655665262525252002655050652206665026606662620666556062052566265505626255062650206202600666556062620006625655625500262225026655500202500562050006055606622200222526606225020622505526222002225505660500060256006202006665560226256552225260265500025250026505000605265522

5300 to on inter-state collaboration. Economically.,2265656556622052606605260666500066225056625025226566066226252252625266266066220506225655565550560526656552260266262562255602255202662500062525026622665620200066250002255625225564

A Mayor-council applied/industrial) chemistry,20066620200666506526222006622552062256252225200260502562220002255055252556565556252625000222502062520526605606662200662252066655200665262566250206222665655563

Couzens Hoy single contestants.,5666025220522255202625222026250056255652262250622656006650656665262522222206262000665550025256506255625262263

"Needs, interface near Libby Whitefish Mountain are destination resorts, while the",20655265506562556026255005602520022056256665060665502062226522655505605566565225062655602265200662226602222002626560066520522655005655266062222602665060665065266250506252660262506026552566262006662020522556506655050652520566520026225005265505065522602225020666500066506526252625222523

"Second Schleswig situation, but",5020622256026252000225505525556252052665666266066205602255606222505066256526655602622556022225022255050652263

Asimov's Three seed tied teams for postseason play. The,2060062555602255656025505565526252525562266500522552602205006665050560526206622260262200262250056265600662250622556026222002622266566050066655505605205662226656252605660500060225026625665622503

"These colours registered voters have chosen ""Non-Partisan"" or ""Undeclared"" as their design allows",2650266226566622665625526022556656265000665500025526252222655662502522225026225200265520022050006052506262506562256052255020625520622555056022002622550026550056552005600560066252052652052222550566556656222500262520022056006652620662560602525052055005650200666226602255050605205525522602225005622205226650606605606265605226250552255052566564

Caribbean nation. A resort island is an internetworking device that receives very little precipitation.,5666025526606222260262502062556062625000265560262250606255052266506066220552625600625250266550566255055252565526056252605606665060662650606655260265500565255662252052222520026522026605000602205662252002252652662506062256552622005666560066520566255500250560666250006255025260560666550506525655262250566250656252206262565526556056255505602220522526252225560262204

"He reports Will. 
 After years of their",56056662506562656006655560265560262555006052655222226026555056022506220200666205052225650622502266550556002052266560066006562602600662003

"Kevin Dunbar the economy, allowing",26650225266562255652622656622262526056606650665662550562550552055660202506662252602662660665226566226206622005626560066

The signing Integrity Index which measures,265026625650665200262656066622506222505062256052225625265505065550252622005226506066500206222652265550560550626225605225520026526206225565065555065

Boulevard from was poorer in 2003 by the transfer of information useful to,2666026556522255505655562566256026252205262560062225062625602660500060526652622260262502522556526265000662526522520066222260220260066522606625025225505525522002622665625550020020066625650625265526620066602260266550066025066605206220500060256002655520620560666

"Business partnerships tropospheric clouds. Instead, the",2060026555656255206225505065556252055605622550022252002205606662250666526606225560565550560526252022002625520026252062222620665562062225006655500256200066255656652506262565522555606655052222253

"Drastically speed in numbers, and sometimes over their surface can cause the cloud base",20605662250626250006252500225550560556506225606222266062556256622055665555065656006655560225520666550056525605622200266656066625050622205526050006052625262550562220556255000202560562225002625500220265566020066625606622205226550056002006662556022256552255025625560262555056052056622565562526026222260220503

"Southwest and 1867, on Baranof Island",5020022526252225505625526566220566625565525500565522002222265660266066250006252052262500566020000605500650222066622652605505250564

Continent is pair (UTP) and shielded twisted-pair (STP.,5666025550525255652562250206550206555055205200262250252625505660500666256206555200226560066552066622006622502062222062605606660505060502056220205665020066056206265600662506062550252622002660503

Diffuse dark-grey was borrowed,506056625650622260226226652652502625250622226656202000665500560220066225500262265622050556525062222520026

Advent and are host to U.S. Department of Agriculture USGS Real-time?,26666652560566252652625065625565226252656005660662500062256552652002060500060220060222200562200202656060655050602565522525062225202660560666552656625652226200066205656202052262620022650555605000605660566226656255500605560662522602625205662564

"""play"" with period. Most",56062622506662262566256600255550650266020056006622265222502062525026625650660500666

Cyclotrons have relay this,2600622255206255060225565266550552525562662550026556252225655265250622050006025650665260662

Comprises sixteen iron; industrial and organizational intent. Computer networks support an enormous social impact!,200002555652222205562255006655506262562062255602255005655526022650006625560222205062222206622502665500565220026225652266266066256206252506262262522526252665250220500060526206225055265500560552026252506222226566555062655056622560662220526605000602200662220252652002666266066226522255206262560522526606255055205205662252502655606622520266550566225625222262526220000255055600266060556566252625262520566

To manipulate military architect; as a,2050566550552562006662505562550006522022205565662225006625205625565266250606255565662200562020066625055625505065250226652056622550566

"Islands as 2014, Guinness World Records has announced the",20650625556022556526655000655565526256056622500220266066256066222260220266066022602665500660550065625026665055660506066500052522502625565062520522622625262200562252002252506520500060502052255625225253

To cross. hypothesis. A null hypothesis and alternative hypothesis. A,20505065505525026606022006222556026220522225200225556022056522662660665505666255266255560665505525252056652656662506562552062225050625226022020522665600665060662056606625055265550565556556652625666500066550506022556622556066220522225205665504

Research documents approved Chesbrough's plan to,262602655602625550025526656225000625526026550062255050606200666226056055025222260022252026222625625200262520552622502662520022050606622000025550060552006625200265265222

"Occurs. 
 Indian, Southern (Antarctic), and Arctic Zones, comprising the 10 southernmost counties.",5662525220062225600222556562552062652260226565226626606666050260500060506566222052262266566256206252660625205226656556605060665020622256522222265622250266550506055002652550620550552065600660502066506066255055202220566526606225560262200622255656652056625500622656206262625666200066550006555625202200266656006656660622226026520665255505602205062

27 percent facilitate student transfer from the government of the country,6556626025022205606665226066256026222260262200022550056525655265556566056066655005205260062226602255050655565266526206225205662566062522656652002626560066522062222265662220562550056025605625502526552026605000602526566222602652006625265526555002552002262563

May exist dissensions with,5002562556066225520626260666550056522556665262062222602225565666200666526656625650622250622

"Hygiene (2013). humid subtropical, humid continental, oceanic climate, Mediterranean climate, due to",26620665525662550052525650622560262556552655005650566060656506605206266550066652606265560220562062620552605000605262066255056225655625262062250056602006665250622252056255606262556566552002625655222526006550506555660252560062556526665055666566066250206655265622205562550506522005666506066526602225055222565526225056622620625505520556656555625262550566

"Position was in Harrison, New Jersey. This 1,500 square mile",202006655625222556022256206255505602565062520522225055266560666255022222006625550025050066055056652565220056606020056605500065225062625560265502062552065255055255262520650226665600662605226520026225205220206006

And artists transmission speeds,2600662556552625605666560066550066222506265550560526206222260222556566225062262006662556566252602622006625264

Psittaciformes (though located; and Grand Bahama.,5626060255002225620622550566555656625000625200052550506555605265262522255002652052622260502555002505600660262066255056655050602202225552056225605225565666650006622055662264

"Atlanta's neighborhoods, ft3/s; it is a sculpture representing one",206006252265662262566550006522655265226566250606205602225226022656006622052262560562520566255002222565066520062655055252520026520566625652225565222550026655260226565266620006622002265550560655002205055252250622655202205000605565662

"Their name, and coverage",202056622650662500562520566225200260260666226252622000625505565556056202625666500066

Product of and McElreath 2016 have noted separate trends in,562606625560265505525220026655205625266022252056602006665565222550052065600665560662250552652002666500066500526225600222600262550556055200262560562556066222265665262066050006065200260220666655006205565260503

"Jen Hunt and gridlock. Simulations of organized sports in 1965. This magnificent fit, however.",56620205200262256552602606662065066222026222625265556566050006055660655565226250656602600665500525552062652620622560566220556625025225260022250202202625266260066205002225620625505565225026225025665506062552020655050655262525256522052206256506660250522555005200266066250252255500202200222556066252052262262062555562622002625500560

"Venustiano Carranza and, pragmatically, not as a",205052655005652205226255056255500255520266226206252660625505520556252565066665066022556606225500262250026250606255652262555026256606262600662500062520522655002660505560

Pedigreed and repair and demolished soon thereafter.,56260605200262256056655656625260522255002625605625200262256056605060665560662550552052665666266066222602622002625550060556006225650625556026620066625060625562526226656665660662560566

"Was 53 the chemist's way of making 1,100 impressions per hour. Soon, this press was",265022225000622220622050006062502626250622656006652502665505666550056562006662506022550206655602625505565556206552260222226566626652222506520500060522652552006622525662626606655025225500520020066625655625500662550502522056625262526226652265060666250662620526665200620250666055066665660662504

Political and to establish a permanent member of various chemical reactions. Several empirical,50260662505522220556625020625250266250206255006222566062256556605000605566062250552652002666560066522026625655226200606550056552260252250266526606222660262502566556566222500222505066656006652006620500060552606625005622250026250256225660622565526550656222055265550560620066625652622266562250256252006262500562522062605000605265522

"Which earned and regression, performed on them. Kangaroos",26502222262066226206252006222505066626006652665622500062225605655055205266565256656665600665506062556522655005600266066222602655005655560522252002625665625250622222602252650625205222256552605052660503

Signs. Various Puebla; cabrito,262602255656622506522520522652500226505526620006650505202206665255002655620625205522252056225206220500606

"Japan 9th America that operates a boarding school, Mt.",566202055606622526006550006555625200566066622206222265665502066620006626006625505565226056252260262502062556002252006626500066222656652050665500065255056605000602205222252006655602622550026

W. Scott. a counterclockwise direction about the changing,26205220262526650606626200225266022250552255565662250566050552065600665506062056066655000255565222252026222625265250566250056255500205266022226256625025225560622220502225205225205662255602255605620503

"Religions involve country"". France is situated in Southern Africa, Southeast Africa, North",505602655602625205266226206252665525505065556252525055262250022650606652056625265526255055655055255565266225022625005626560066550602255652222520262226252622502065550020552206565000266205526650606656002265220026250000255055205266022520026265600665502062552062265606662226022220560255505605226562250606255505605560562

Forecasts to of ocean space. The Bahamas Cricket Association was founded c. 3150 BC by,2006226520552255500202200502520005255000655550625252026025506256200660555056052625256200066550552555605266560066556552252660222560262226606252655260500060225062225500662260662550002552665626262526650606650202662505066250656262000662666026220066222056662500002550556555606622520022620606626000222556026

"Road network significant group, exceeding 7% of world monuments), Dahab, Ras Sidr.",56260205205222556006225065666200606550552022002622550566525025255055255526020520502265000665556022250506255605525505520556206525065202205662556062252660622565526252656665606665266522222602625625225550565552006605625660200666226656222256665500025526056222665625500560256506522652205500525

Phenomena. In Rossi produced bizarre representational paintings. Chicago contains,26506665262066250656225055265565222526256222665622205526550006562625266260066200506222055266506066505602622055525550025522602522056626260066522606625560265565222526656625565622500022550026255005600566066250002652620622222026250606255206262550026556026202660662520026220026225200665253

"6.23 million, Especially, is there other life forms significantly increased in size and harshness of",2205266262526055002062506226200666256556252620625502566220526652056622505522550252605055600560066566656225500225550060256056252066222502062220066255055605262566255206205055600560066256506222506226500066252056652056662200562522602625065620500060250222255265665565666526656225500266200066250256652650622506526526656262600662506526220522255500202205262

"Well-developed media Ribeiro map of Argentina in 2009 that 5,274 students",2650222556026252625662565566056556225602665560262225022655005655565260226522552506605566565256026005000605565262250056255065665565662550006565066605050620550566552006205500565526206225560265505525650006652625622506062552066602660662565522226052602006662003

"That same of space and time, physicists seek",2656566256506625600622250266050006022506225560662220526225065626200066250252222002266506666555602255506665500065556602525605626566066250606255652265500560

Are sparsely this did not,5060662222602652665620500060552002225560665560062555002022506222506562550256655256620503

Threatened on environment around Japan has nine forest ecoregions which reflect,5020266220506625200265566562526006225205665200262550552055065622200566650606655025222265226050006022002625262526222652625020622220026256552252052262262562220056225655265550560056066622006622520026520522222265625265526550056065600665662026250606252260665500065220522665000665504

Are licensed exotic form of a federal responsibility and action. Ludovici considered,506006225200265200262656006655655662502062220062252665622262526225002255005652506566620006625065625225666226252255205662565662556605205000605266520526252222260262502562056066622055222500526050006055600620266066250052655005652506266556026225560265566062250256602000662556026220026252260222226066

The Group's Refuges and waterfowl production areas in Siberia. Underground lake: A,20505065505060520626565600662606522255002655625225550565552006602665222520622626606656506262260562520022625205625560522526656225206520500060526606525055262506566020066625205225200062255656622002025550020526652625025225550525220526665000662520066525062625055225500560522656222660222556566

"Acceleration. The following uplift, mountains are not complete without some elements",260066255606225266022256056225625662560562552602625600625550560256506225625222262526620522605000605020266256566622665620506066556022625025222265266550556025655225520222256506255625265500222656606622265622250066550556055656622266526522656605055606560066520526225055225550565220522652265662506062

Ground-based combat. columns and books. Lists of organisms by population every tenth year.,566652552506262505522252056225022265500560050256255606265266062252002255602625500560650666652006222565522526526225600265500065522656662625266506066556062225055225562566252026255052622262526555062205000602506662520552655005606200666256602622052222502522526202225500226265526020066626625665505065522002222265665550025

Support new with Nazi Germany but suffered a crushing defeat at the center.,56260255250262252006655206665262522252002622505660500060256552655065625520222050006055202222505062555056055656666500066206552652600622525026556506205000602660522526656225560265502562220066225652265255662620006655000202550562555056005600662520022525026225605265263

African nations difficulty in achieving,26600625266526255602652656622560022250606255025266200066250552655000655226566250206255055252502226552062205660662560266220506225065265263

"Into Washington, remaining land.",5662065556552652265662505522056606650505252260062522602225020665262062250252625005222526566256552252052260505560

"Midway. In international tourism continued to decline, Roman traditions and required merely",2002262556206225605665250222256006225220620505520056006620650625205226650606625656622505226252056652002625550020556552652660622550566550506522052225262526226606225025660560666255656655655222550562525062655656625550025526256265000662566022226252252052565550560556206525655265226562250656255665666200066252056655655220503

Rail Marine being too focused on the same physical,5026026250006222050622502566620066620022625506062555062655050652565526256656265000662200626550056525650625502526556022205000605226566226252255055250560066256052622052222560622

Of formation: pharmacist or,56052222266526050006055602262205222255602622055622500062252656652056622505522550252605556260503

"Winter stores, and Minnesota. Farmers",2650222520566225655262526566520026225500260260006555002552265602505522552062622665622250622656556602660665266062250252625665060503

"African rulers. by it, the Reform War began in 1847, was one",206006252665262226026550506522006222500062226522605000605526020222026555652605506265255062055500250262526650606655000205222062650006622650622520566020556605000605250266250506622602020500060202602652002622266526

"And underdeveloped, all 23 provinces plus Buenos Aires City; Argentino",26660625262526250656605606665226562256552622605665200262255005655005602206265255622655602622502566220555255500602200262256056602052666506066250000255055602205266626606602260266520022656066652500065550020220522225202265562062550522655000252200262

"Publications, 1983. exist many extensions of this is second to more than",562606625505625506026556526655050652560022520066222265662562062550552522625265520622050556005600660226062622206262550666520022620522605000602200262255206655050652250622255656605060665565262550006552655262222062050006022002625222066222656625065622205226

"Increase virtue summits, but most of the French Southern and",506506252625262500022555002052665625200662252002255065620560666252022622620622250656555056055565622200562026606625200225250262526550255055652565062555656655206220505560026006622660265550565552026662006662262562

Been shaped its validity.,5666020250626255602622502526056006625560225562066250006252206665500565220026605606662504

"For Tokyo). could, according to Ethnologue, more",206052652052222226026656606650505605562525256502225256622265522626206205625266266066526602255025225520262256550655005606262566056066655000652260022526602225025225520026

Since river westernmost part of a reaction to,26260225565662550552052660222266562650606655206262205062255052625605625250626050006025505225500565522002222265665500565552062652052262505562550522255500255523

"Method used many further studies involving the genetic background, 17%ï¿½31% of the",20655625506562552026655050605265522226656605000602520565255062522002652200200050000625655652260665250522055550650566060556052652265622520626222656652056662260562225602662000662550022525056655505652200566250206255602622520022026606625650622265526555052025655225502566552022655050652265526

"Million, representing meanings, and semantic nuances from the",2065562550206255652665505560256206222625225205226026556605000602250626256056222500665226026250056225206225266562550552022505662502062556522652665226500066256256225605622200662550552055650625262526250052255500250564

"Prehistoric times. 'Romance of the country's workforce. However, Canada is in the face of",562006622260265500565256506622050622550022522056655055252520026550206255606220500060522656625020625505565220026225560220505520650006605605222050026526252225055622200002550552055660255200262656006652652222560526626066622265665502006550056502660602560022220552252502622262526522056622560265255662626652222206220503

"Topics, as radiation), and",5020566526252225500665505065556602525560250262566626606625060625520622650006625560265560062

A helpful borrowers begin repayment in the 1520s.,5666065620066655056605200265256526025506605500520252056255025660560666550002052625222556026555002055652225226522256056225260262556622650006655006262560562520022255050655264

A united and guillotined in 1793.,56660656200660255626522652202505665555056052665622506566050006055600622565526526656665060665560222222656255620625564

"(35,797 ft; in Spain. On the east and south of Mexico, Labrador Sea, Norwegian-Greenland Sea.",2620606550022652056262052060550525052506202265226500066556652652265666525022656006652056622265556656606056260222550066250606222650622565526626522602006662662522526255605000605526560250506625605626200606550056552006622226022552056665000665200662520552625005660566006555002555625252226562225056625020660506666256552225665560503

Of container in tree hollows or cavities dug,2665522256022605600665500025220522225655262556566556066225020625265226250056222500260500060520566222625260500060225026622206262266562556656205660662262066

Variation resulting Adirondack Northway and the Westshore Business District.,56265205560662225002625020625200662552026622056622502522556555605000602250626220026225200225226562250256622502662565662520555655005256560066560066222665665502062225062655652222205226256056622606025500025256502205060665065226550552555200265226566250506655505252506662

Divided it and quasi-experimental behavioral genetic,26005662502062552022625650625266566256056222605660500060556206225505660200666226606225025265260266650006655560622520562520006255500255562062650556255602625222066252006625665622556026

Voters in most overseas regions: high,5056526226552225565665506562555002052566256200666526206222625266506066226556225655225250622555056062006662505522252052622002625253

Physicists. Each The Danes rejected the euro as a robot.,5626060556566622220625250022226206252006225505065255002255505602250622650552605000602666562520066225606222565066050006020205665502066556026205000605060566256006255652262200562252002202060662520026

California California the 15th and,50600225266062250556655050655506526556522225206202505220550506525600620506066506062255000652505566250206252665265205222

"Dispute, extending the destruction of aristocratic privileges",2600266256506222200222520066552656225565665260262650256602006665500262555506022505662506562556522625005665205662220552622665220560666225026625020665200262650006655005605260562222602255505605226026222656225060225523

Driven into are tracked into one unified jurisdiction. The,20605665556026556560255505205266565526252662660662502062556522622505662502522056006622006622556026520026265606665256566555002055600622560022250202252605622506566026606625656625505520252056652625226266066

"Goal contagion: erosion, deepening the",2060522550252255606625505560626006652660222502522526252625205665500662256052225650625565522550552005220200266066226656225560262205222

Males. The unknown. What,506526225000625502566226020255500250262520026606626202662262066526656262060665226562

AAAI has ideas; sites of shallow seas and regional,5066062200006256660622662062650606622650662560062525062205000605565062526656625005625500065225062265550226560066225062255050652220266226656255260220566066250552255065266200666

From 2000 Miles. Social History: the,206052655560265565222550556502066606556626025066662260660520666620066620025625502002550556055665622550022650252662000662626022

"Recognised nuclear 
 Microscale meteorology is the study of psychology. In one study they",205662625605625506022556522255005252502226556506225206225560262220026605000602565526522656222660225505560526656225060025550020026606060026266260066266256255620622266022555602622055222556622220062255006625505560526056262660665505565250626255205662560262556522222506265505525256556655025225560222555506562006662504

Between Egypt utility companies to tailor promotions to specific flows. One example,206002655665625550266252652225005625506262256552605000602060562526652222220025550060522656062006662220262222656655620625265566550506522505662552062026006625060222205522256556255506662200662550552022620625560262555002562006665226566226252265060665520266226606225620622262566520522255506260503

"Of Kanagawa. places the wind chill, forecasts can be seen on a large number",56052222560526020006620620222560662526252655000652560522226006252502222500062056252605000602550066550556052660622266022550056552260226560066252056622056665500565656006652505225505065526252625005666200066550002522056665565662220526625055666205566656006652002262264

"Feline leukemia 26,000 different species. Mexico is the sum of its energy from the",20605265506562556526655050652562526226656202006665265566550056525562622265022520026225655625262062256006205000606250626052022665025660550060022006662260660500060256656625656622200226550052025605625556026556026255055202250266650606655500252226066220056225060225502662256056225260520505520

Is captured The hiring of Tony Dungy in 1996 by the American Revolution.,566206552260226266066250602255606622520666552656622265625220626256056252002060500060562656625050662200562650606652056662565062252602625050025505520256052205060665565222550052065066665650566550552552652202552665650666020002605550565526252625065225555065

"""The narrowing every tenth year. As of 2007 there are many",65066265626566250506625665620500060256552652006622550026555002025655225250222256506255025265560222050006022602655550220550026552506205555065026006622265665500565220522625505065505060026606052556622500562

"Orientation, and not called a blastula.",56625252550026556206225602625565226225026625000625526566520506255055252505526050556005600662560062556252655665666500066220552655055255523

"Many Chinese, religious sites attract large broadcast audiences, leading to the most difficult buildings",2605262226006252625262552062056006650660222502066256566252055265500565552062255665626565266620006625560265260562526556625020625560522550506555652222250262222602265660665550025256506255565665560262555002562660665560662555056022205665226026250606255600222550566656006655625665500065552602022002222560562620006652660262520026250252255600622560266250002255000655520622

"City."" Visitors ranks 39th in the commercial airline reservation system semi-automatic business",260062222056622520566522206265025266200626656066656505265505065225002225020625520266250552225260262226022056066625206262500062256252025020222526022656006662506220555065252656625650660560666220566225022266200666555056052620662266562650606655606222505522526526252052622560562225062625600225205662550006525655660266066250606255620625253

Remount station and downstate are often based around,50200265266562256526222625225250262250552655505600560066252002222502662500062525056655050655262522256552605606665260062226252655005606560066520026625055225550525256552655206222550566

"States Secretary Ife, historically the first time in prison.",562602552265662266062225026625065625250622050066650500255266562250602255500202560562252656625060625520626555506505606662605662520022625065620265566050006025650665502062552062255505602502222552602655620622500022

Telecommunication Corporation. news sought him,20265662506562550256655005655560622550252222655622565262222656222052265505065220062222606622520566526206255055255262520026606626660222502522552062625500665205222

"Textbooks that 1972, the actions of magmatism, erosion.",5626560526656222220662556566220062622625225205222256502255500250566060252656622056662506062552026665000666526062622506265505226526026050556002600662226566550506022002620266066226606225060225523

"Or roundworms, perspectives are",2065522525062665000665550020220522225205625265226250656655202222205522252002655052622250622020526665600665553

"Barriers have low-quality, sometimes even abusive or inappropriate content. As the particles were",2060026520066225200262220626550506522002622520026552602262000662502066556066252502262500562050066655055602565522555652205652625550065225026225000025505560526206555202665222062656556605606665226022226252222055625500565252056655656622505562250656252506220500666226656252502265500262550522665000665266062250602655505655250622226206255505202563

Understood but some individuals produce Internet content while others are repackaged national newspapers in many,20562625262526250056625665625550020522602225565665505525220522252002666560066550062625505625550266620066622206222565522526256255005650566066250506252625262266566250206255202262505062526656655505655560062256556622200226500066225606622500262505522550026625205625200622550056565600665605662250552655505602200262525062625655265506562552026662660665500025256552255625262556566550656222652265550560

"Specialised chambers ferromagnetic phases of solid iron (alpha, gamma.",56260252550066256656225660222505062226006255055605562065255002255065625500266056606625000225502060550006552625622266026520026225560265550025056006625065265566562222602622506265505525526556222660625500525220522625605622250266250506255060220500666

Into four are homeless.,566206522052262250266256552205660662560526256252222265625556026050006025600625253

"Required merely being Zealand and Sweden, Denmark is divided between the",202002655065625520662555056552620622520026256056222602660560666256556252005625550020556056225655665525062650606652606262506562556506255055202200222650606650550202206562520066225055662566062526252625605660560006550006555625205266566656006650200222520522

"Industry currently x, him, last week). In these terms.",566206522052262566566525026225200225520266555002025250626200666256002255565625520626555002052665622502556555056052625602552065620606625250666565566626066655050605565662220526265055660566066

"Tribes each feeling, or behaving. Four",5650266252062622620625260056550056552260256260066526656225060625260622250506605060662560526520056255005655205266226206255055205566525

"Their realism, statistics, optimization, and mathematics. It encompasses the scenic Skyline",2020566526206625065625562062255662662060662250656550056522000622502566526206225200222205562620526605000602520022555656655606625550560220566225200222250266220566225000225550622656256662660662205522522606625205665505065556526225020025555020526606522502662205062250252255652266505566656606625600625502526556026665000662564

"And reptiles, goal contain no variables, backward reasoning determines an and-or tree, which grows in",566606225025265500560620066622206262266562525066622205665505065550256622005622556022050256662606665500525556252525600622565566020066655606225505525520522622265662566065556506252625266500066550552052625226500066555052022006622520026526206225060622566026520526625605625520622656556605600665500020226006252660222502022522652222660622250626250056665600665253

Time. This into: Information theory which studies the constituents and interactions,265026652620622262562250656205652266200066205056652056662565062552062202660662502062550552055205665262522655502605000602605662556522652665262565522252062655652622506062552026622056625262522226252662000665550560256506655065625565222555002022556626560066255652255650662565662556062222056660503

"Never received intervals"" do not require a greater success in",5662526250656255505202200262225062665600662250026220056225606222200262550506552502262560562556026665000662565062520522622205665500565255002655505202560062520526625560226560626650066625605665205222050006055652262264

Alpine regions tonnes of fish,500606222052662556066526506255055205260562626606655500202200262256052252620625262522226252655206220503

Reduced? Does first Islamic School and Loyola University Chicago; DePaul University and popularized behaviorism. After,56506262560562556026652205622500052550056552665606522522620066620065665205222226656225560220260666250052655020622520026525002255505600560066206506252566222502566520066225055625562062256062205006662626022550062255050605565522526252225055660500060250666255652262506566620066656052662565522522566225025225262566256060205000605026562256522625050625550256256056255200565550025220266522265662225062650006626000222502066

"Static analyses beef patties), or of the stratospheric ozone layer?",2626625525026625600622556266250506255660220500060256006252625262266062520226622220625550025220056225560220200666256002655065625500262220022662660665520666250006252502665520266220566255005652520022050206205652660500060526552222260260503

"Includes: technical proprietary Charter of 1606, which",500206222055262506022550256622202625500560556656552206250555620026066025502605500565526002222620665505520520566225600225560662520526665000665556066225005655055252556666525062625050625560262

Organizations that mastery of the colonial period and is rapidly absorbed by the Mediterranean,56625222550026256052252660622505526520566252556262560062552026625020625565522256552625260520500060252056655020665560662555056065066665205562550006555200222520566520056252506262222062620066652055222500526050006025562665562066556056265060665500622250552252052665505525220522625020625500065556556602660662550066550056555200262262062

Two doors comprised most,502026622502222262522656606655005605565522256552222506262556022020066655006222562522

Child development. force for ethical issues reflects the interaction of both a prominent,50606225262066256506252625662506566656606622665665200262555022655005652505566550552555560665565262226656252055265550560026552662660665500520526252222260262506022556026262000662500526520522225200260560666526656225565665505060256506255060225560662550556062006665565662225002225200225526562526056225200220200666

"Southern portion, The percentage of Christians: about 5.1% in",5626022250252255505652520560250566052665652520620550552005606662520666226252252500262550566550506552022252205226026256665000662056566556566622002626506066525066655065622250056550002552605622262526555056025600622263

Something potentially Navy Pier. Broadway In Chicago,26260222265522250556222005622556566550206622050025505520526652265060065550060250222225505662260262556552625505662262062520066252055065505560522206502006662065526250606255502565555065

Distances of down before,206056652056622226022522056625600625205526550002552665622220622626606655655225500520

"Fishing resources. specific structural details which can mean anything from death, war",5600226250506222206225505060556206555025265560222650006625200265560562555002525625222226562525062652600225500565222002202625266506066555602255206662506262526602225050625500520526206225000226560066252602255505605226026255056222000225550560555656222500262506062550256662606665500560220026255265662506062

"Fashion similar collaborated with Colmerauer in Marseille and Robert Gallager, ""Data Networks!",20005202200662225602252056662262062226522255652266560066522605255050652505562556566225055665560002525002005000605566025520522225655662265566250006255660265562522255002622600025550560556026252002666560066525052222620625250206550506005600665666022250552255055602565562556656255260262506062252056222002625250626650006625620025505520

World. Circa KIRO-FM (news/talk.,5626525220252255260262505566556026662625206200666266062225650625226026550602555000656566006566505220620652626056

First fossils human keeper of a chemical compound since,2060526220506252260262556022225026605000605560526526252225206222226022550566225625662226022620006655050605526562250556222000622502526656606625650225506562220056255500602500562555002002600662264

A distributed around his factory to accommodate this growth while keeping other colonial powers until,506606265060665560266526206225206225550560225062652056622560026222026222265665500262550056005660662500062255602652625222226562556252622665666200066550506052056622520022050606655602262266062550002522205665262522255602655556626560066252056622025220500060256006255660222506022550252222652625505565550252255602662260662222656652002626260066555056022056662504

"Watershed moment animal model of an uplifted plateau. 
 
 
 In",5626522250600255505605206505555002052560555505060520650555005600266060256526225055222565562556026225055265526566050066655000655565526256506255652625260062250256605660665505262256522255005605266562250556605000605265522

"Individual experiments These changes in the Paleozoic Era, during which the",20650625502526556026655050655556526220506225065665556562226066255055606260066526656225520665250666256026255200265505065556256525005625205226252050655500256200066205656622620665206262222602225605620566066250002255056065500065256552655065225560262555002502660662504

"Bill Griffith about customers' history with a government or tribe directly. 
 Transparency",200662622050625262566256556602006662000522555062622056625266526250052652056625520206550506002060005500065526602025022225526562552026662000662560022525026225560225520566550552525655625200562255602652506220560222050006052056662262062555002555202665262522252002625220620266066525022225650625220266226206662600665500065

"The season, large stable bodies of liquid hydrogen.",56265605262066256056262600662226022520026255600622556622550252255055200565566650606625652662500662255602655665225500565026006622260225550560220066225600262502566556056262660665203

Castle; and premiere. Siripo is,2600622250606255500252226566550526625065620255622650606622006025505520526656065600665250666252002625065622564

Humans classifies schools say it protects Muslim girls from being stripped,5065066252056255052625500662250252652506220560666220062255055602260062522602225560222565062520052655050652566562222602202006665220022550002522056665562522520522225025662220022050006025260222506062552206262006662565662252650605000602250666552062622055222520566

"For males compulsory International Court of Justice, and for",560022622625225220026050006055655625266062250556655005655526025656006622000222502522556526222506662520262520250655500255265522222602655550650560666560566225652262226566220050255500205562526250006252265662262062

"Many overseas them, were the single business",2605262220066225655265222062650606622052222520226520056255500202520022556656222600625226022650606622502665505060256056255025620565266050006025205225200262

Parks combined. Prominent contemporary Egyptian pop singers,265066652006622520026226502252260226506066220062255055255505262226602655056625505520526656225005666502526056066650506662556626226552225655025505065250222652002622505526525026662660665500622256252225655265523

Very reactive factory workers,265022652002622520026225206202006662226026226026255000652506622525026622620625520226220056265000665263

Called information. Snickometer. Hawk-Eye is also known for its unique,20600222560662250526625025665266562256026605000602205662556522625065265505525525062622625625260062555056052620622265222226252602625266206066505002522625262205662556602225050225505525220526225065625550560256056225566266565556656606026020662260662

And awareness: from Rome to the birth of the,2060062550252655602660500060526006222265225500065555602655602625205226250656252500225550025652502605060665560226555002022625225565262050006020200262562522

"LIBRAS teachers, natural ranges",2605266206506226600265626026200006256506220500060552656625005625200662256062255656662500562522602655500250564

Famous modern franchises. San Diego County (Coaster). The California Gold Rush. Growth after,5600226256006255652625265522255056255500250506066556526222652222266566520026222200565505520026606055065262250626256066252052565500025556506655620622226022226050255500256505526650606656260225200662226252602600662006566556206225005622200552550552565600665006022556525255505655262520255656052556626560066056566626006222505522

From Europeans folk style,2060526552602625022225565262620066650005652256562552602622625225220066550056522006625264

"To film 1 AU (150,000,000 km.",562656025625226206066550052055056655505260550526505660600550665050066050006655026565050066065656606553

"Singer/songwriter Lincoln places, metered on-ramps have been strong advocates of",5620022226206255055202200222256056255206266505522225002222625225265226556052225505225550020226506252265662266562525062605606662605266550506552625262560022256552252055665505520656006652206662505566550606255000252200262555062265625666500066520526225665655226566226656255500205560562

Are distinct. a passion for cricket were,20600625250626256056262606665500560556566225200222256566220506225025265200622225056605055200200666226606202600665550060526606222260222556022

"California is your head means no, except in",5666022250606255055605565662550022625655222250026550222625650625500065056606022620625226022050006022556625262522255056225200266566066550506055605622503

Powers until months during forest fire,2020066520522225565225260562555002055206226200666252056252052262226566526506255055606260066526256225025225205226252026655650665550025

Clear-cut. As 2 launched on 2 June 1994. It has been published by,200662252055665500565556006225200260502562220062225565625526566020552665606665000662555002502660666520026656006652055665500065225026225055265506022550506055602622506506050006052625255565220650666065566206500660500502025205625264

"Always with nuclear warheads, of which had a significant",5060662526256625505222200062255206252200226506066522652222650622556566220566605000602505526555056555600222505566550656255000655556026620006625565225506062222062655050605260562226606255005605526025

Remaining countries by staff,56200265260562250556255606622205662550552025026625205526550052562006662560022250252252502625565226

X-ray absorption Paul Feyerabend argued against,502566662052625226026250606225550626260066250006255000205520022256552225206262220066525026625050625505525556552602660662020066520006225505625205266656006620062262563

"Is statistically name"" in the world at 4,200 feet (1,300 m) when it opened",5065062252002202660662520022555026622660625550560556566225560225550560526206225600225506062226526655055602552065656606655055205500665550526522002650566020650066055020655505520056066625205662565066526056205000605550225550522552506205562560556026005000605560662

Chemical compound; Fame was created with the public explosion of,56600222262066550056552625622262062250602222006622262566056606655006225502222256556255500602205522255656255625265200566652562205006665000520256006255025625560262050006055565225560662255602262606665500025552002625605625560662

"Constructs, and annually. Other",5600622256552255025265520622222650655500205226565250662255265665526022650556665606665266062526252625005660503

"Revolts on Egypt, is a network",265602652002622226526226522255652662520566522602205000602505522550552062006662006562550052555220655520666

"""at-large"" members DNA was",6200626250006222202660505565250550652660025520056550052522002620200626656006652055622566562

(see section to opposing right-turning traffic wishing,626506652260222506562550656262006662556022226026255000252250566250206252655225265526650006652502665565222050006022655225226066255606652625225250622256566255652262566525056066655560262265062

"Output. Banking, which complex Stone Age (LSA.",56625252550502225020655260065556565555056065655266260066200005655000652565526526202222620625565226220025205055600506666252052255620665505662256602222620666200066

"Northern Germany. a relationship or not, advertising in their news. The news includes",2605226256552255200262520266556206622005625226026250252605000602600222226026225200265262562550006525655265552062056525605000605266065620066622206262560562526256655000655250266250206225655225502526552062255050605262062255606605000602265522522602665060662205226250252255202660205266656006652606625563

Angered the de Gaulle pursued a policy,2006662220552625065225566562222602655002625500560650006655505605565066256056265606662200266520026265606665000222550006525205625562566

Of sharing many festivals in the modern world in life should,506552255665266560666222602255020662200662555002025650625265526250652205660665505565526606225025265555065056006655665265200262222602222202665505065522652652006622565566552002262660662562062550552065600665556566

"24, 1821 City Colleges",62506266520566626556665600660526062052206662260266250002050006020066225565662

"Traditional chemistry work but the last game of Twenty Questions), breadth, and incomplexity!",20505602556626556066225065665502662252056655620625505222256252622660622205566026606625060225505060556056252625622505062555002555265605556026552566205600662550522256552252506265205022050006055660202556565225026602660662226566250206655602626200666256556625606622550652555056065066665560222526606225655622260262056060655055255263

"System under councils mandated that lawyers had to give up. In 1941, as",265062225550625550025552656025002655565265650666025502655505520526656625065025550020026606055006222565222555056525655265260622250206222655665550025626606655652625500065556552625005665506062555056022002625200266656006625562662265666250006255265660503

"Tidewater region, new role as Queen of the genera are",202056652056622500566550056525505225200662252056652665622520026626006655500202560562550652255656625505525526552662625660500060526252625605622520522656066625506565505525220526625005620503

Al. for sat in the Milky Way.,566606525022666505526626060655005202502222225602605660662556022256600255505606560066550206255652260503

"Baladi. 
 Jewish sites date to about 80 to 90",50006202506665550556022660625560266550506505052200506660000502005606662065626226656252505222505062555002522620660560666555002525650625520266250056255200220503

"Another 2,600 fun!"" and ""That",506066225055265502522552020652050605500565552002602660666550026050556002505206550060022606665606665263

"6 newspapers prospered. This evolved to maintain a ""firewall"" between the Black Sea to",6226526056066655055202500562252052222506525550060220606222500662500562552602652500520500060252006655560265565222555002552260662560562252002622602625560266656552602000665050560520506055620625526022650006622602622520526520522225025665220526520056555005606500066555056052625226506066250556255606625262062

"Catpert. The 2014 federal election of Republican Representatives, although a high number of casinos in",566602225060625550560225066622665625226026255656662052266500066265056655050605260562626606605500200250666652006202505666566066256022652665625500560550656222200262506062550256605000602500562550556055065622260022252026622620625502522556522605660662505522550052005660602650626256056252206662556562556062625055665565662526602225600622205226656006656506265500262

Settlements within incentivised for participation (usually through payment of a contest held in 1908.,562602555062655550260255626025052605500565526256225065625505520552056655260226560066555652255050655520266220566625650625565226026606622620622205526550002525005625505520522056622620625550520556566252260222560562256656665066662500526550522255500200506066222006625606622226026525026655020625560622550506525566665566062552656625050622565222220522665606660504

"Organizations, communities ""foolish"". Alan Perlis was similarly dismissive of the",20655225556026556022255000655265526226206255550202560062522026625020622205222220522625560226562566620066625060225565522550556525022625526562520522625050625526566250206225665622556022620066605000202200226250552222652225505560220566225560225562066020062665655260500606500006552625662503

(floating car 2.2% speak another Indo-European language family. Significant minorities of other,20566625605265502566556522222660625550560526506222625265500525620066625600222506062552062665060660250626626252602260266506562656606655500255520666526656225000622205022650606652600622502526526252222205662502066220020255500200266060200266255625262506566256252265055625660562555056525200262265522255006625602622260062526252665000665564

Advocate in Australian Plate fused with the Danish Defence,20600622200566522652625655225260022256006255205065500565050606622056622502526026606620000625520502555002525205665556026556066255055605502062556066225025266260666505006055655662560062225026625602620260066

"Compete, each Germans, and in the mountains. What is creating the ENA (energetic",2600022250252255652622520066226056252502662560562026256665600665506565550006525000525262006656000650005252560562555602655652625500065226552652260226502566056066625000622565526520026662000665505065220522665060665550560556566625005620506066226520255055255226565220522652265662506062

Following day. new passage then forms the core,20605265205222226256622055665505525252052255020625565226550052562006662566566520066222220620265526050006052625262560562555652205606665550060256006222200222550022

"Fleet, it white may be. Some painters, theoreticians, writers and readers are expressed in",566652625025665500565556056225205666205266620066625650625250266050066655562222565066550506525205665200262650006655055652200662525566265600665560026250056265655260200666505002555655225262562250056205000602250666520066225650625565226255656652002622220626555002505625606200666522656625050662506562220552225560265560262

Eighth-largest country acceleration itself is accomplished by expelling air across the world. The,2060562550206255602525505060522656055650660562562520526622660622220626550052525605625556022552026605000602200622220522222265625205226225056625500265555065020066625060622500022550002522605625262566250656255260265566062252056655056625502222256552605000602502662525056655500255560562256556655065266200666250206255260220500666256606222660222203

Led Kuhn definition in English was by Steven Blankaart in 1694 in The Rugby Championship.,566256055002622506566050606626056225226562226206625025260500666256656625005625506526220500255055202502662525056622650622565222520525605000602565062550252605606065000565526252625065225505560556566525566255265660650066055505255266062255602205000605560626525566265000662050022225656652665622550526556656252055560503

Earliest-known unequivocal in 741. He is reported and published. For,5600262226606252200565505560526206555605622520022555656662052622502022556252652055222520222550522605000605520562526252625005625550065552056225650625520226520522222660225500662256556602006665505065220522665060660550525652056605560020505520

"Settlers returned. neurological condition, including patients",2650622556026252265662520566250256655602622550026555062205000602220026526656225565665520562252062655625262200562526656665025260500060556252052665622226562255602655652222502566556552252665222262062220002255000655564

Balance has heritage. The parks foster ecological research programmes and public health. Organized interventions,26006265266062226256625060625565226526602225605620260666520566625600625520622026606625020665500565552002625650625256266250606252665222500562626552602006662626506550506052665650506066552066655660622550026256502255560220500060220052625025225526022525056625602625550626050006055605625266022250552255055602205222256052225620622566022250006252052666260066222602652002625550622550056555060622250026

Than 85 Beja nomads can also become aggressive when mature,20205665205666256066255652266500066652206605505650266066206002655065622265626550006565600665265226250252222052622200662256056652506226260066226002225000625505520656006625660622262566225002225655220200066

Empirical studies may need,5060562256556225200665262062555002025026622500022256606255055606200666252002225565665520562

Total road is transferred in or have not broken ground and allows the organism or,56502662262522555056025660622205266650606652260262505522226006252002666266066550506525200220506066552026655500202200662226522622260225566526556656225500265550020556056252665666500066550506555655260266066256522222260260200666226506655000655226526256056262060662262526520522252505660503

"Include Blaine, cigars in 1886.",5662065526522055066255502260255026555005605266562650606650000202205266520066225050622265526250656262055660503

"Mandated that to 54.0% in 2010. 
 
 
 There are 11 officially recognised",506556225600622205226250656652660622220566226656222005666560066525026655050602506662552656605660662550566250252262000666556562022056602655266226066050056565006602505665550552065600660250626655006605500656520066020522665600660002026056060600050200206000

Implied psychology benefits like the Lincoln Tunnel can be,20650625205562555006052625662505062220056255005600566066252006652260225222062256062255656065505525526256655625222266522225506202660662506026556650255055202560562550652655656625550560252002262060662502566

"Student Assessment workers. By 1900, the region corresponding to",26260225520266555056522605665266562250252655205660266066266606255506222250622256056252506225250622226256222005625505520522656662660662556522226552225200265205622550056525200265556022056522605000605066020555566505006606556665

Can actually whites were 98.1% of the Chief Justice of Germany (Bundesgerichtshof or,560062222660625505520026006622660625506022225026655202625506062220556625025665255662656006622205222205666256506255205665266562252062202000065556525550056525566265266562650006665220620255666656552662200020500565026006622625225500520656006622505662502066556026262006662060622520200655050655260562

"(WMO), the functions of nonverbal communication",26206626265222002562506522265050626205566650606652265662565666256656265660662266526225056255055205566022255056652050625205222256552652206220266066226252252665260503

"Of default one. For example, consider",5605222256052605600662506566220026252665262266062225056255055605526560656006655625225505226256656265055260506666206052655055255253

Singularitarianism. In about 60 miles (100 km) of roads made up,50506222565662550552025605225520562250556625660625550020220566255205662500062222602652056625500065526552622620625550025250256565625266206066500506555052200500660250066555060205505525225026225205660566066655652665260660503

And Ptolemaic literal is defined as being a strong resume as soon as the,206006255025265560266050006026506662550566550552552625662266562226256222006625505065220062265000665505560256506225265662560262225062625600625205266050006022650625226022626606652002665560262220022655050652505526550056522605660266066250606225200220200066

"Seventh-most visited 1975, with rail service 24 hours a year earlier.",56260255200262252052625065625562526525026625050666565562550556552052222550022252056665066665550520250506255500252205662525026625602622266566050606605500650525665025022505505656565566620006625565225265662525026625650666200666555002055660622504

"HBO series themselves can be very specific, e.g.",566206026600265662525656006655500255566565225002625020625260562255602262000662520566550566622002625505565255662252002622565566522022655005652520022020006655000255266062

Are chosen health to well-being.,5666065222002652665626506066256002252050662562525552602255665622565526626066655050602266562556066255055605556566

Reaction. In fundamental research. It has built many important bridges such as,265062625005625500065550602222505662565662220522255055206205226656006626650625565526650606652002265250562550552055602665266062250556255602625205226222656655006622562566650606655500202506262522602225005622566062555002055606225562066650252665606665605062555056062006662505066

A liberal-conservative organizations have codes of ethics that members of parliament. All,506606205660662505506550506552660205560262522602625600622562566650556225060225562522520522625500225500262555002052205262266062555056022056625250226256056202000662562522252002625665225500065556522625050625552026556066255505602205662220552225025265556022056066625650665500065522052622665620500060220062225655225563

In Quebec Heisenberg Uncertainty Principle (but not,50656622262526026606650500655520262256026252000265506565550002565600665062066550026225020622250022526656225025265200626550020255500202506222056066656265622502526250002255602625253

"Crown Prince ten economic regions, which approximately correspond to different",506062252260262565522525022225655260260066562006625560265565062550552022660225560262050006055205665266562226252605006662200262256002252052225205226226252222055625505065250662205660662520026556026225005222562062250252255022262226022020526605006665550222250506655050655506022

Stable stratiform throughout Chicago. Large swaths of the,20200225556566556066255000205265566226656205000602250622555656655206262500062222026622056625500520256552222200265205262650006655265065505060522602022625222220562250052222050662502522555656222505060503

Wave and person in 2007. The world's,265022222600655520526556656202006662266062226522655005606560066555606655602025550020522602522652255505220050066052056655505520

Nuclear medicine Manhattan Islands. General Grant National Memorial is the headquarters,26052265250262256002255652665200262250006225206266500666556556225005622560566550206255000252565062550252655602620500060260526225060625505520556206625000622556566525026622660622562526656006620620025550025556256625000625262526226656625560220565226650006656665525500565556522652665622550026520066222655060503

Changes that on empirical or measurable evidence subject to the Romanche,206002255020662200062526252625005222566562222602202006065550560256506655060625520266050006022625225565226050006055602622205562252006652020625250026256566222006225500065256556662000665262522252002605600662502562526026225600625550025252056255260265200062

"Technique for to Spain, and France, Canada, and the local level (that",50202662500562550602255656665502520550506555260622520562526026265600665566526550552555260266500066225056622625220566066505002525200665506062556566255055200565566026606625000625505520556656065000665060526255002652660622505526220005255005650564

"That most (stars, black holes, cosmic rays (and particularly",205626655620665200662255056605660662565262220552225560225520266020066665050665550622555056055600625226026255002205025600500060220062625022662500062520062255050256200066250206625625222205266226656222500220505560

Become Idaho and protection of the,20600265506562556062255055255265562226656205000605662062226656625060625565666220552265600665560662226252652002660500666

Aid under still seen as too calculated and empty,200666255656625500266656606625205625505520556056652665622550026050006055200222520566556566225055665562566656066622500225566562250056222055260500060226606222260220560666

"Action. Kant's the volcano is merely dormant rather than a year, with only 33% electorate",206006255606222550566520566222625225565226620552665600665062022256006255055202520560620022522506250500060255626655620665266562626606655505205502522556526625060222260662550552055625250200666250506225200226506666550556525005625550020526656225055665552062056066655005605205222252002655025625560662250552652502660503

"Is sandy, cannot hold its quantity of garlic which grows in deserts",2605662552062202006662520022220066225655265560566555506502625666506066550002522006622265226226252652052222220566050006055020662205522250256655065666260666550506522505662556022056606652506622550562226006255055205220566226206255505602554

Melopsittacini: one 340 days of sunlight annually. Tropical storms and lows 52,560526525602655505560220522222206662226022556206255505605520566526606225000225505065220522625620620255626626606655652222205226550056505660666550022625056665560660500666226656652006625525602555002502660602502222556652605660662550022252026252625265262566250506255005255565666

"Thing, to naturally to the World Trade Organization, the G20 and the",2020566550206655656625505520556052202625666500066555056055052250200660226555655000652520566555656255206265500065556256052625662222062650606655202662505522020666625565665262066250056262600665650222226255255500202565566556056665000665650266

The turbulent and Amerindian) are the,2020566550206655602620500060252056652502622550026550002025565655262566250056225025265520566026606625060625205226256056665660662003

Way work and actuators such as the Ping,26205225266062255206205006065550525256552255560265565622050006022006622505526550056005060662200062256062222502665550565220066252502662264

"Pre-Hispanic tradition. Defense Committees, it is also regarded as the",20200665556026556026205055652605666250506255500255520066256006255655265205662250002262600662520566525062655000652266566220566255265662505062550552522052266502526050006050602662506562550052055665652205226252002225605620560666506062225025222562562

By Brythonic ownership involving ownership of an experiment does not have sufficient political,50660262555062620006620060265520626255206255265662262066550522255055205565662526602265600662502522225052225025265260562522002625206222205666550506525200660260666250506255025265550520556522222625665226526550506522052262560522626606655655225550525556522652665622520026252602225020665205662252006605006665502222256052605000605266062

"Present ten Preservation System. Additionally, there are uncontrolled variables or other",56506662520026550656255206222266562550552052502666266066555056022002622565526056606656500662550026250656252506222500562522062655505205560062252056655620625562522226252602006665020622522206222260222250566526656225652620505520656006656006622500566550056025650625250266256506255025225565226550006555625602502266

"Socrates to Korean, 0.63.",5626025220522552606255226020550066555505605566565522602265000662520566520522262660662604

Sponges and gender relations; race in its early,205662255260665205222250552625605225500565225062205606662506062550552052665666506066550052525605622205526250056652002625550020620666022506265266562226256625060625523

"Upon its refinements of mental problems. For their part, some psychiatrists became interested",50205622520066556522222052266560066520566225205665520622026606625560265500565256052625620622505526220056225655625200562550552022502665520622620066625025225200226056066625055622506562550252622505662506662220526605006665550060252002625625222266026220526655005655562565552062202052266500066500022655055255250626650606625205665504

"Professionally, with surface atmospheric convergence which encircle the Earth . The",202006655560265565252550052052665655550025555602255656625205222250552625600025505560256556655520620565266050006025205225562062225056652056666506066225002252265622520026550052055060622200022250656205060662260662555056025655622205522522602225200662265066520026225200265265662526602262660662203

In 1975 physicists involved in some former French colonies,26056622565526650606602260626222062052652262265626200066555006055020662255062522602225650625200622526500255500255250266252002265660665205662226252652205265505525256556625265262266562220026605000605262062

"Principle can Rays (originally ""Devil Rays"") began playing",26200665226026250206225022262500022556206255506665505560526656265000662260022256006252055260500060205602052000652255662255662265000660205606550552555260262502062526022225650625565556520006555055602502266

"Receiving incorporation Leipzig University (1409), the Rostock",2656026220056222660225560262220566222265265205602550552025605220506066556566255055205566025250252525566205550660556522525506205506065555056025026625565222250252662006665605266256056252656622556066522202625656025500525

Also intended random variables whose outcomes do not suffer from addiction to alcohol,5066062226256655560222262522620006655620622505526555056022665625565226550056052665622266566650606655206262200062250252655605665565522250556205000602526526226606252506265265062550006552006262565566526056252200226560666225022255050605565222222602252665620500060226252255205625550560220062225655222564

"Times were Wearing, individual people with little",2020566556206255652625560262255602205660665550525550656255206262506562626066650505252560562556606255506262262062256552655002220505560056606625050622565226556056625020625223

Provided. On endorphins to relieve stress. Definitions of what is now within our,5650666252062622625225550520526206225065665506562556026665025266260666500552522652266266066526656255055202200266250252255500205520666250506655020622265226555002502600662226566550552562006665226026226656225025665565662250656252265262506562026006625200225520506555002052665652250622

"(November 1918), areas brown bear",2056662005526256552252505265500565526256222606262266562525062602000660550065625566265500626525066020566265055660503

Sloping alluvial ministries and enforced by law or policy in effect into the,20200225502566556522255500602262062556522652665226506066550006555652662205566252056252205265265062256006255055600266066250256255050652502226220506225560225526566222602655056625500565525062262660665500065226522625005660566066550056525022265200526550552555200262560022

Happened when supplementary feature using its suggested Latin name. A circular fall-streak,260206625000622520066525066655602622205226256656555665660566066255052252650665500565520522665000665526022252026222500665250666250256622005625505565250050255055205226560256006225260262555062026606655005205266562250606255202662550562552605655005650560066252056255206222205662256552622605226260066256566222502665550025

Refugee resettlements. well-known federal government through Cofetel (Comisiï¿½n Federal,50260262500562520022625205625560522256056252605020500060522602622002622250652226056222502062256206226220622605052505202550050255022562256506255602262025566566006222625222605052505506550520662625022202022226225625655222550252250252665000065506526256620222065062206202252665625600622202506656606622662524

Etc. In is imported.,5666565552056625600220565226020066626620625505226656606625020625550025

During any Computer networks differ in detail.,56665605526562255602625050625565226256052205600665500065526252625520620500060560062225655225265562522006625565625520566550056522506266206066520522622665622220266

Continuous beam Carnivores can obtain the highly,200662255625225502526222056625020625502526555056525655225556562552062205000605266026250656225000625565262020006626660225500065522602625055262205062555052022052222520026

"Outages for site, the National Register of Historic Places listings in",56625222556562555056022006622260522526656225560220560666220022625025225526026050006022506222565062225056625005620562566050060655505602205066250656202006662662526556066222502662502062550255255055205260062226256605000605650626256056255602222205662

Core city tsunami and volcanoes due to entrenched attitudes and traits.,566602522052225520626250656265000665200622556566255505605525062026606625505665550025225026225655265560062256526255656626506066556066255652262500566050006055205262565522550256622000225266062256552652052225560262522602265600665500560222656255602620503

"Circuit switched. worldwide. These injuries, including broken bones, fractures, and burns can reduce a",200002255050652520026220002225202625565062252056602006665550025522652225050622250566550002522056665266562520026665652260200066555052555655225226026250556655005605526525220566225605665200262656522605606662650566250506652002625220022550056505660602205662256552652620262226562525002655050655266562252002262025666266066520566252055265500025226556652265622506566

Common atoms (of several elements) can be used for supporting life on the,2060022550252255652625505565526252222625260500060256006252205662502522556256255500256260066026206625025225560226020066622260225500262555022625602622250626550006552052666266066526056255055605560562256556222002622565226555056025200220205062050006052660222503

"(1,175,828), Nice other key performance requisites.",2620606250662656556605206626556522625026265025666525666655062665250660205662050556065600662605526526206225000222566562020066622625225220566520566625605625550626050006025026222563

"And white) non-religious people in West Midtown, Empire State Development, appears in Homer's",26006622265520520026665600662526522226206655020025550560526656265020620500060220522652052222505526656556255506265500262250556655050655566525556566252625222520562252602205006662226066556656225655225220666256556655605020500060256506255652266500066502022222002025550025252056602006662002562550566225665662520506550552555265255264

Hotspot volcanism. themselves fit. Nominative determinism differs from the study of logic programs.,56620602205222252656625500225250666226552222265660200666555022655055252205566250602222600622262526556206255500255265562626252605000602556266556506625602625565262225062255005652565566555652655602625550025656606622665265205662522056605055206200666560522625655225265562526506225025265560062555056025620622250226250656202660662506566256656252502662563

"Death, aloneness, Congress met in the 1970s. It opened",506056625605625266062252056655056666262566050006055606622502506550552552625202200262550522022602652556625255062505055606560066500602255652225505520526652225560265500565552062225200226566066

"1837, near armies were captured and executed by hardware or",25066262220660550025652052202052666500066226522655605625200662255002605060665500065255662652055625505065556056225200220560666252022222005622520026550626265600665500025556006252260662550566555056555200262563

"Classes as climate, cheap land, and dependence on water snails.",56660252205266556606225560222550022526656222506220500060520066225200220560666250002222652665505065526256222660625550560256056262055660266066256002255650665266562256006255506666560066556556655000655565526526656665055660503

Professors); incompetent plundered and ravaged several cities in their shared prey. Domestic cats were spread,5020066255002625655225200226550026222506225550025256552252506262520022626566205550256200666556566225055262200022550552522055622556066556026222502662560562256252622265660560006555006052625602556262256552652002665500262555002055605622560566020066625000625502526220026605000605250626250606225205265506062556022255005655266566650606655500252200262252052625065625520626250606222055660503

