original_word,encoded_word
water-ski,25565222206062225026625665655253
incogitancy,250266222055265266022250552255602222504
monomachist,556526222052222502526550252222055622503
midwife,2565562526506225065662223
jetway,250262625005622220266
locaters,2205266520522225600225560662
droopy,250626655506262262522
negotiation,526252622665622506522556522225505662504
posigrade,25200665565522255002252056622263
firsts,220022655656622250626
saddle-bags,225062222600622500566520056625625602563
dress-form,25665665250626226656252200222526025
shipworms,22506222562066520566222260662223
photogenes,22506662565066526252225205662265522
unrevealed,55205622565526552602625005622520526
beard-tongue,256002625602622260062522602622665660565262
incorporation,5262062226252625060225565222255002652506662264
opticon,5262522222606622505662504
longiloquence,2565566220552252625262560522256566225052662264
verbigeration,5226526226656225560265560626250506252002222563
ember-week,22065622565562256002622602622526020
coriaceous,22006222565222222602625650622200062
unslept,5520262550522625200225564
organ-gallery,2502222525062625605225566062556252665055622263
Methodist,50652622200262255656655650662264
flea-flicker,520022625655662206562220006265025625566526
skeesicks,22506222202022220056225065622253
bushy,250662655565622253
recognises,22506262560562220062225025225266522
mutinies,2205262252056225565665262062
epipharynx,55062625226066250266252506662505066
white-footed,552052225650665565662222656622665620265562
renter,525062625605625565226
clode,256002255655662264
hour-circle,256506655625222250562525062665025622203
aneurisms,22006622562526220026225565625253
carabao,2266022250006252500262503
enfeebling,22605625262526250652655665625200562
glide-plane,256052252625662505062556656655002626564
ostentation,526252222260222556566556026225055265523
vilipends,22502265565062526256625650625553
Gomorrahy,20062225502522250556252052225253
resettled,55200262560562552602255602625523
blasphemes,22006262565566256606225200225556066
blondish,5506026220526625025225565526
jestee,256502625605625520622
testees,2250266256056225200225523
flicky,250622622025662205062
scriptless,22506222200622252002655620625520666
celebutante,256002255602625262566250056255606262523
Odocoileus,26052222560266256552255660222502522
unprovident,552026252625262520066552002625025225223
noncausal,55625262505522220522625606222503
kinetics,2205622220506225025265560262
more'n,526256222655252520026
nourisheth,55025265565222252056255560262205662
alpine,256006252625662556066
agama,250006225665222503
ungenuine,25205625262526250652225602625264
Pinchot,5020666226206255025262203
spatha,255002255560665560662
withsaid,5520522250206225505662205666
depreciatory,250626652002622226066552062625005622506022
islets,220566255206222565566
orbifolded,55655222520026556002655620622266526
skelling,2220022526202225065625562566
catenins,2200622526606225565665266562
pipetting,22200665262062255606655602625523
Beersheba,20000265200562256056255560262253
wired,552052225650625253
bull-pup,5500626252026255052662562560
SYSOP,505065226220022653
mopsy-eyed,55655622565522255666625200222522065
merrythoughts,2205262556026255560262220026252566222265665504
awakens,2200662522652225600622204
schoolmarmish,5556022220062225020662562522520522225055662564
peripheries,225066625605622556026520566225200665504
dreidl,556656655200262506562
walking-cane,252052252660622505566220502225620652265526
zucchettos,22556262226562556062255606222565066
cybertherapist,5560622225566225060265500262255002652502662565066
evolutionist,556026222502262502522526256622265622556566
ghettoising,226052252620662506562225026625565662264
eleventhly,25062625562566550656255202265266562
bushmaster,52006262520562552062222056662505562
chouse,256002222056662565222
footloose,25605262205222226252222265665564
alright,5560662550256622200262504
norward,5565526520522225500262223
compositor,52006222262522556526225560662205222
softling,2220022526252225065265526566
pianofortist,552066622056622506062556522652052222266526
vitamers,2250226520566225205662566062
polypterus,22506662565222520526625250625520666
diaporthe,25605665502062556066252506662264
cottars,2200622520522225505665523
albuminoses,220066225655662200626222656252625622504
metacommunities,22052622560562255656655606622506022526252225652622564
kilobases,22056222565062220526625055225203
martes,220526225600625520626
backless,2200626220066225600225562022
chitting,2260022526206625020625520266
club-law,2260622250556655265622566020
omega-6,5265225256256525005622263
tenses,225026625605622205226
embryoid,5560562250256222660262556626
buttock,2206026225056222265665523
neurolysis,22052262506562225026225566265562522
lightbox,5502266226206252005225565666
apostille,25600625526066556252225560225523
weather-eye,252052225062622560062252656052056662563
congregate,25600225565222250552622605222520026
fallacies,22002262560062250256622055662503
oreide,256552255200262506562
derision,5266566226656225560262205662
phasmatodea,255006625650665560062222602255652622503
testudineous,225026625602622226022252056652265622506566
slacking,2220022526256625060622206022
feigningly,25062265566562226506252665222502526
tarter,525026625600625520626
forgettingly,250622655625222220026526652225065625520266
crewcuts,2200622552062625602622250522
neckcloth,55025265560262226602255620222203
chinela,2500022556206625650625264
spacewards,22506225520066520066225000222260262
methylxanthine,2565562526656225565665502066552566252625662555066
consanguineal,5566022250552225655265226022250606225652262263
airchecks,22006622202062225002625600225504
biretta,2500026556566255206262563
nash-gab,5205526250006222200222562060
aerostats,22006625560262255002655652222253
indefiniteness,2205662220522625605665266562256052655656622502526
Suwon,562602222265622223
adrenalizes,220066225605665256626250656255625262503
intuitional,556206225055265226566222656225020625523
broiling,2260026522602625025225562062
Mesopotamian,566256225005622556022256252225500665565222
kickboxer,52056222565062550662222620225203
burlet,556062625205625526026
dubbin,526656625565625200026
jails,220562655660622504
windowfront,552022252620622262526520026652655222223
enlargest,55602622205226256556622600625253
haxors,220566652006622222066
aestheticises,2200662256056222506222556566220506625065625523
dandies,2200266256006225025265563
oscillator,52052222226022556062225050625562566
unletted,5520562256552655652665560262
federalist,55602262200262250656655665622550026
superessential,5526022255056225560665560262522602625605622250622
lightnings,22052662265062526652225020665226566
affectless,22006622200226256052655665625560622
zoografting,222502652625222502522556022252200262503
swill-milk,22560225526522250206225625662562560
fricassee,25605262520026220566222006222503
pomegranate,252006655652222505562526656225005225253
landward,5565566520066225055262260266
zooxanthellate,2525026556522225055225522066556606225655265556566
Vinland,5020526526206225055265564
naivity,2502226556066225020625223
untreatably,255626255625265250566255002655602622503
recloning,22200265266562250602252625662264
demonetising,226056652665622502562220522225025265560262
abbreviations,2200662526602622660262556026556026225505262504
Mayakovski,20025622206062225566252606622262022
crusader,5200622252002655205622550022
brackishly,25066265526026550606222006222502022
uxoriously,25562625522066220522225206262262062
settable,2520022556656252505662550566
pedicular,52506662500562556656625656622203
wood-beetle,252052255625225565222256056665655625203
polyspermy,25566662562522520526625250625550622
mealing,2265562526656225060625564
daggiest,5560266220066225605222506522
dirigiste,25605665565662225062625020622263
misfiling,22655625262062255602255665262504
vicar-general,5526526250506252006222560062522602665655622263
telangiectatic,2250566250656255652662500062556522622005222565062
colleagues,22006222565522256526622655662500562
coursey,2506622256552222502625253
paying-out,55206662560662222206225620652265526
flameless,22002262205266256006255625622563
dissatisfies,220026625650622556022522002222006622556566
setae,252002225005625523
interconnected,5565062256552655202662200562252002652660225262522
dogmaticism,256656622052222506522220556225060625523
astomatous,22006622520622222656655652222505562
heterospory,250266652002622226566550026222506262264
martyrize,25655625206662255602652502662554
boogyman,5266026250552225625222506222
glooped,5560522256556655052222264
malcontent,55652625266062256556655606225262522
realities,22506262560562250606255652662504
thickset,5520266256506622056622206022
self-indulgent,5520622526656225655662260526056256225656625565526
compositous,220062225652222262562552066625025222253
schnapper,52506222560022550566655052262503
impacted,5565062256556255206662200062
mesolabe,2565562520056225500225562522
prophecizes,225066625200265202222255606622050662563
mahurat,5565262250006252056662523
wauch,555652222000622523
riggite,2520026556566225065222263
seedeater,52506222560562556026225005662563
inscribed,55650622565526525002225060225253
skivvies,2250622256502225020625220226
twelve,252056652202225566562
Blogistan,56660262505566556522222002222504
nonexecutive,256552652652222502526556026225256662200562
self-sacrifice,2520022220056225025665260526650256252506222200062
task-force,25205662200062525062222620220265562
tender-dying,222056652665622502526250626655605622526020
eases,220026225600622253
melodramatised,5565562256056222052662502522556026625500262566062
one-twos,2205222226252622602620565262
bittie,256002625020625520266
wire-edge,25205222265062552002625605626564
frustratingly,2506226552602622205625226022255656655206262503
proprietrix,555666625560265205222552066625200262504
secessionism,252602222002622506022526656222260222556022
transmigrates,2250266252002655606622505526525062222655622504
parenthetically,25566665566062552602625005622205526255656655656662563
kindlier,5205622256506225025265566566
aquaduct,5560662225006225202625560062
superteachers,2250622525026225200665506562225002625505662563
binauricular,520062625050625562526256066222505622556026
psychogenetical,55260662550022225506225060225565666256552252665222563
tical,552656625050622203
salad-oil,55260222506062226256625660655563
tridacnidae,252056625500265565062250656652660622203
duckwalked,55605662520562220602255620222550522
interdining,226506252625262556566526656225560265563
resorcylic,22500262506562552602225022222250026
non-uniform,256252652052222262526026556225565625264
pasteurisation,5226066226606225560225520266250056222502622556026
pushy,255666655565622253
dedicatory,25062665200262226656655656622500022
trestling,22205665226026250656255260225523
untarnished,552056225655265556566220066225560265264
personification,52260662266562255602655206222505522220552625020625263
streames,2250622252056625260262500562
servo,222602252602625253
apple-scab,52000622550066225006622052662566565
lilac-blue,25655662565662556256652000622566025
tableaus,2250266256066225000262565566
water-oven,52265222560062522026622665622526020
hurdling,2265066522656225560265566566
stomachful,55260222520266526552255025622200062
mahagua,2505562256066222650662503
wrestles,2250222252002655665625520622
seism,252602222002622504
pluckless,22506662205266252056255660222204
surmising,22200225226562255602622052622504
teratogen,52265662560562222002622660625523
encrinitic,22005622502526556062225560265262062
gotra,250052252052225523
flincher,5200226256556655020622205526
yerbs,225566252005625253
lewer,520526625605622223
thatches,2250266256506655060622250566
stairwell,55260225526566256006222656625253
overthwart,55652225250226250056222206265556566
dichloro,2266566520566222660225562066
Marathons,26052625266062222602655060625523
portion,5226066226252225560265523
piculet,5520666256506255660222523
puffer,525066625205625260526
peartly,2556666556656255606625253
honeylocust,556566622052222565226220056222220625564
bubblier,5200626252056225060265566026
mommas,220526225055222562562
zeitgeistily,255262655665622502062552026622002222506562
circlelike,25600222202062255602655660222565566
slackened,55200222565566526606225600222204
azetidine,25600625222026250656255205662504
cabezon,5266022226606252066262563
betok,220602622665625523
vinogradoff,522052652650622262526556552225005225253
backal,556602625000622206022
self-left,55206225260562256556655665266564
energiser,52002622565526220026225560262263
compatriots,220062255652222262562255606652006625523
womanhead,55205222505522256556255060625264
imperiousness,2205662220526225200665266562225062625656622264
italianization,5262062222656625060625565266250506252066622502526
normalizable,256552655625225250026250556252066622502566
memorialises,220526225605622205262250252255260262505062
glutenous,22002222565266222656252265662563
sycee,252002225250622203
lechuguilla,250556655665625566022250206625202622263
villainage,25205262265062250556652625662506062
slashing,2220022526256625060625556022
downtrodden,526656625655225520522556552622265665253
storm-window,222062222265665565522522602625025626265262
rimmed,552002625650622562562
homelily,2502666556252225025625566562
villainies,22502262565062250256652625662506062
grammars,2200222525062625000622562562
medalled,5565562256056255665665566062
mentee,256556225605625565226
misgone,2565562526206222260222263
synapsed,5520022252506222052265500662
mycotoxicosis,2205262255206222006222262522225056625025225554
denominate,25605665560262250552652625222502562
psychological,5526066255002222550622506022226506622625225564
sulkers,2250622525026225655662204
alienations,220066252625662262062250656255652262503
crowling,2260022522602625025225526522
overcome,2565522252652622665622250026
recapitulating,2220026526656225060225560662255006655620622520266
nonreplicated,5565526256552255652262550026220056225560665564
tearers,2250266520026225600625253
precipitating,2220066522602625065625560622250506255206662504
oracy,250222222500262503
pullulates,22506662520562556526625055665526562
squinting,22200225226062255656255656625264
batailled,55600262560062552656655660622504
proclaimer,52506662520026256252225060222505566
germinants,22002225560262522602625055625262062
toisech,5556566220552225650622253
white-pointer,5250222256506655656625226566250656262625625553
abbreviated,556006225600265560626255002625065625223
unplasticised,5520562256552622506662502566220006225560225523
stage-manage,252002222205662500062526652225005626562562
causational,556602225000625226562222602225060625523
raffe,252002652600625263
gerontologist,5560222220026225560262265522226252655265662264
saponification,5226022226606225560665565222250552622050622506526
ritter,525062625650625520266
quislings,22506622220562526206225560225564
Achæans,2600662526602225050665220
cushdy,250662255205625556022
illfare,2565062520526625055665263
bargemen,5266026256006225260262560522
curcuma,2500022252656225206262203
tearlike,2520566220656225060625526026
lespedeza,25055665206262252002255200662563
disglorify,25062665265062255602252002222262566
literarily,25022665562062255656652002622550026
easeless,2200262220066225200225566562
furanocoumarins,22002265226562255602652006622505526256252225606222264
henter,520566625605625565226
tallot,552026622660625562566
downward,5560566520522225505222265226
bubble-boy,25066262226562520002625660202565566
storier,5250622252056625025225253
eroticizes,22002622520026520222225565662205062
gradually,25062225526026556606225005662523
foraminous,22002262565222222602652660622502562
squeezeth,55560225520662252056252062622563
decadency,25062662200562526602225600625563
unwicked,5520562256552622565222205062
test-lead,55205662500562252002255265666564
gentiobiose,256052222002622262526255656652050622264
Atharvaveda,200006255205662565066526066225500265223
Gulag,266052225505625564
Penney,205666625605625262526
Ommiad,506552225055622502562
delegitimates,2200266256056255652662500562256652225020625523
clever,520062225655665260262
corn-cracker,520062225655222256026220552665055625200622
Dutchified,50605662520562255656652600222502066
sunned,552002225205625262526
nativists,22052265560662225026625020625223
convulvulus,220062225652225562526252022652202625564
anemo,226606225625262563
humbuggery,25026665250262256556222600262220562
beseemed,5560026256056225260222560562
ill-looked,55650622565566220256662625622262566
yo-ho,222206255025226564
nonconformism,2562526220522225025262566022520522222625265263
jayvee,256502625600625225662
Carte,206002255606625253
Jacobi,200202652000622266022
bookjackets,220062655652222565522220202222050262503
resprayed,55200262560562255662225500665253
kindliness,22056222205662256552652665662502566
dedicated,55605662560562556026625050622203
scaphopod,55200222266022550066222260665504
projecture,25200665250626256522255656262200562
unresistant,552026252625262550026556026222506222504
overstepped,556552225205265500262555062625200225523
scootering,22200225266022250252252052222520566
hydrargyre,25650665255662250626622200265200662
lubric,220556625565625200626
suspends,2250622552056252260222520066
disorients,22002665565662522602225655222556026
blow-drying,226002652625662502522255622202052625563
woodhens,2250222526252225655225506566
nowhen,526252625655225556522
untalkative,252056252652262556566556066225055662204
skeletally,25566225562022556656225055665560262
echolocate,25605625560622250506622055222262566
shalt,552062255620662503
responses,22506262560562225062252260662264
zymases,2255626252506222052622503
chinkers,2200622520566625650622202526
force-fed,55605262565522522002625660252563
fireeaters,22002265205662252002655602622500562
freelancers,220022652506262560562220056252625662503
nailheads,22052265560062250506225655665504
revolt,552062655665622226526
hurple,256506655265625550626
microseed,55655622565062256002222506262264
flowmeters,22002265205266256552255202222565562
profert,5520666525062625655225263
gabbles,2200222256006255660265203
gimlets,2200222556566225655625564
cricketing,22600225226026250206255606222565022
boren,526602625655225253
outlays,2205222255626225505665564
tarriest,5520266220066225200262556026
harrod,556506622660625250626
monopolists,220526255652222205226250252255260662264
Zande,202502655600625264
lascivious,22052662560662222602225060225265662
calcification,5266022226606225025665560622250506222005262504
persicary,25566665200262255002622500222504
movies,220526225655222556526
dronepipe,25605665550626250252255052262563
Alden,566606225655665563
pellaea,2550066256056225055665564
knobbed,5565022256552652055225203
geraniales,22002222560562552602625000622502526
aepyornis,22006622506562522606652556622264
confirmant,55606225262522250552625665265205662
cadger,520062225600622260566
gazeless,2200222220066225250265566562
coronoid,5560022250252222260265262522
closeup,5500622256526625655222253
Alsek,260606225655662253
legations,22052665266562226652225060625523
spheroplasted,5520022252006655656662200262255002655625225553
sweareth,5556022552022225605625200662
ready-made,25200265560562250006225665662522065
Londonian,56625662505522250252652665662264
disallowable,256056655620625250022250006222652662262566
investiture,256506252052262520226556026225560225523
verder,525022625605625520026
oxidization,526252222220662502062556026625050625254
temeritous,22502662560262226256255602622556026
suspiciously,255662255265622250622252066622620622506022
typoed,552056625250622226066
immobilizer,520566225655625202262250252255660262504
crusading,22600225226026255656255200222503
deprecatingly,2506266556656222200665226026250656255606222503
freesheet,55602262520026256056255065622253
walking-sticks,2250222220606222055662502022556566222052262566525
back-double,256002655660625200022256562262625625563
vedettes,2250226256056255602665560262
vitaille,2520526556206255265662506062
ultraviolent,552026252625662520566552602622660622556526
Mam'selle,20655625566062556256265605222253
unfigured,55205622565526520022625656622263
continuances,220062225655222205526522656625050622565226
wigwags,2250222226506225005222223
glasslike,25605222202566250606255260222253
unroost,5520262220522622260262264
yellow-green,522206225605622565566520526622655222526525
caprylic,2200022250606255260662556626
operoseness,220522222506662560562522602625655222253
Tohono O'odham,2026566250552255020665565522226252622655256266006
sprains,2250622522606625560262503
opiner,520522225200665262062
swines,225062225205225262062
moblog,226556222625225566026
zoysiagrass,225562622052222555062525062222650622503
perichaetium,252606625602622556026556566225600222505066
gigantal,5566522250506255602225266062
gussets,2200222552026225200222253
wood-carving,222052252625222502522526026602052622500022
thretty,2556266556566655206262563
precoce,2520066225002622665622203
lecturing,22655665266562250602252502662523
breachable,25600265526026520056225000625506022
condemnations,2200622526252222625262506566556026225055625264
Almighty,2006662556526655025622265062
tormentors,22502665205222222602655652625266562
inpart,556566252052262550066
steppingstone,2520022522656622665625520666225066622650625264
snowiness,22506222205226256552252265222504
tide-pool,55265662262062226656655002626564
cumbersomely,250662255265622565562256602622665622250626
cephalium,25660222560262255606655620662503
leptolepis,22052662506562555066625205665562522
unikonts,2250262556522652620622262022
mattress,2205262220066225205665250266
chardonnays,220062225026662500062522602652665662264
shinier,5250622256506625020625264
Stoli,205602255265662264
astigmatic,22000622556022552026625050622566522
magnolia,2505562250606255665222262526
connoisseuse,256002222052222565226256552622052222205662
amateur,5200662256526225600625523
antiprisms,22006622562526225026625020625250666
numerative,25655265220262250256255602622550026
renovationist,5520626220026225025265262522222652625060625523
demains,2200266526656225025622503
paraphonic,22500662506062522602622660625556066
refinement,55206265266562256052625620622565526
sooked,552002225655222202522
lobule,256556655625222560626
irula,250506255260262523
drillmasters,220026652506262565062556526622052662505562
Paricutin,56260662506062552062625656622203
heroicly,2502666556656222500262502522
Afrikaner,56006622560526522602625050622204
uncombined,55205622565526526602225025225205562
sapropel,5526022256006255506662226026
tellurous,22502662560262226256652052662523
kitschy,2502622550206222505662253
cloture,2560022520526625652225523
innocuously,250266255625262205226256522222660222523
birthday-boy,250662622620625250026252656025026662500566
intents,2205662556522652265662563
impoliticly,250266255625622250066250252255652662504
shirrs,225062252056665205662
supraspinous,225062225202622226066522602625060625550622
front.,526652055206265262522
confix,550662225025225265526
woodmouse,25205222205222256522222665662564
Cleves,260062225655665260262
felafel,5566526256056252655662503
garlandry,25062225200662552002652625662503
mumbly,250226255265625205562
whenceforth,555652255656665200262226252652600222563
flutrimazole,256052655625662226562525626625500262562062
radiosensitive,2520026526066225065665565662250252222506225266562
extirpation,526656222220662556566556566225500265553
deedbox,5506266226656252005625563
vortex,555622625655225520626
suhur,525062225202625504
adjustable,25600625566566520502625505625520622
beeswaxes,22006262560562550626225500222223
photopic,2250066250206655052222226566
intensivist,556566222052262556566526026225025262253
parecon,5226066226606222500262563
footprint,55602265262522250252252502665553
dallies,2200266256006225025665564
severalfold,552002255665622226526526056255260262503
drury,250626652506262523
vice-agent,55202265262062256002222605626505562
infer,520566225655265263
neumatic,2205526250656255202622505562
newsrooms,22052262566562222652222260225253
ran-tan,5226026250006255652266564
impartialist,556566222052622556066556606225500262556566
elf-king,2260562526256625065266202562
fosterers,22002265205222252002252502662563
saccharize,25200225206662250602252006222505066
tonality,2556266556522225025265566062
Esth.,566656555560225523
stave,252002252202662503
antiperiodic,220006225025265520566226206225560665200262
gâteau,2560222255006265250263
scouser,5250622256002222052222523
particularize,2520066520666225560265250266250506255660222523
redding,2220026526656225065665563
charras,2200622250506652006625253
respectfully,255662655665625526022252066652605625560622
moteur,520526225652222520566
woodlot,5520222226252255625225563
yellowhammer,525566225605622562566256256625055225556522
glowed,556052225655662265222
webisodes,22502222560562556002622620622253
alphabetically,2506662556256655260662505066220006225060265560262
babul,556602625606625203
provoker,5250666252002622025222226526
upsides,2250262252006655200222504
East-Flanders,2600262520066225200225520566026256220005265564
fellows,2200226226026222625665564
levers,220526652002622520526
dog-warp,5500266520522225005226265262
solidungula,255002255625222565266226506252665662523
titte,252056655656625523
uncurled,5520562256552655660225250262
uncurious,22502622565226226602225565625253
mishap,550526225050625556022
caputium,2566022256066225560665520262
roarer,525062625655225200662
retaliations,225062652665622226566250606255652662505062
three-gaited,552056625650665520626250656225005626265562
sitana,255002252620622550566
macromonomers,2205262520066225600222526026226252252625622264
nerves,220522625605625220626
impetration,526206222625622556066556026225505665253
rebecs,225062622005622560026
writing-cabinet,55202222520026526206225565665205062250552622005226564
sexily,255662255665622552066
dualize,2560566525626225060625564
exegetical,55665622555066220056225065225560262
thickskin,52265662502066220206222006222204
paddy-bird,55200665200662250656652005662522065
inveigler,52056622565526552652622605622504
antirocket,55606622565526225656622050622226026
hairpin,5262066250606255056625253
incolant,5565662526252625000225562522
wirings,2250222226506252260262504
anti-microbial,5566062250552625565665205062626256252052622205062
shanty-boat,552062225050662266062520552625265602554
ill-scented,556506225655665565266026256225200222203
manfully,2502262556606255625262560226
situating,22200225262062255656655202622503
bucephala,25000265526562250002255065625553
orthoepy,2502222555062625205662262066
premolars,22506665250626250056255625622264
crashers,2200622525062625600625556022
prodder,5250666252002655655225563
nonpink,2202526526252225025265553
ensues,220026225655262520622
sacrificati,255602255606622500022225002625020625263
unboosted,55205622565526556062622052222264
courted,5560022256552255202625253
nephilim,2562526250656255260662502066
uncounted,55205622565526556062252625222523
unwielded,55205622565526552052255620622563
lustily,2502266552656225560225523
hexastyle,25650665566562255266655606622253
absolutist,55606622200626255602255652222565266
whirlabout,55202222565666226206252500262505566
bone-breaker,520062625655222202526250056265655625200626
sirly,255662255620625253
overthinks,22052222256526526656225560265556566
overanalytical,5562522255052622005622556026556066225022265566062
outdances,22052222520562225056652665662503
plasticized,552006625655665206662255602222505662504
opelet,556522225200665566562
anient,556066252625262565062
counterpoison,5266022226252222502622502526222656655002625253
nixer,520522625650625554
rufescent,55206265226562256052622005622253
whoremonger,525022225650662265522522602622665622564
burnous,2200626252026222260265264
divorcement,556026652620622520526256252225200262203
nondisjunction,5262526226252225025265560266220506252260222565626
acetylcholine,2560062526602225065625526566222206255025662203
nurtured,5565526252056252506262520266
clack,220602222055662503
cherty,250662255656665200262
radio-station,5226026226606225065665565662250552205652622253
paring-chisel,5526066256006222506262502062550252622005226564
unsuitableness,2250262220522625200225226562256506255265665200062
microsleeps,220526255056622560022252002655625222253
ramilie,2520026250606255625622504
single-state,252002255656622505526556022222052662566565
poeticisms,22506662562522220026225565662205062
assload,5560062255002222260225564
Kremlinology,200262222200262266562556256222625665262062
gloops,220022255052662262522
underneath,55565625565226250056625605625226026
Abbey,200666225600265203
vanpools,2250226556606222625262226066
refinds,2250626556056252665262504
aldosterone,256006252625662266566520522225200225523
babian,526602625000622506026
alluring,2260062526256625025665250262
call-outs,22006225560662256526622625666564
albariza,2500062520226625060265200662
trusting,2220566522602625565625520622
cumberground,556002252265622565262226602652002622220026
exhilaration,526656222220662502066556566225055665200662
Troilus,2650266252062655625222504
supervisors,225062252502622226066220026225560265223
tumefaction,522656622265622502562556026222005262503
semifreddo,22260225560562556556225650625200226
zester,525562625605625520622
transferrence,2520566225002652660622565526525062252002262563
Huguenots,26056665520262226652252265622563
Italianate,20650625520266250006252625662505062
griefed,5560522252002652650622563
majestically,250226255660625562026250056222500222556566
delegates,22002662560562556526625005622263
adoration,52660622266566250252255206262503
transhipments,2250266552062652660622565526252602255056662504
tourneys,2250266250222225205625226026
matricides,22052622560062552056625560262205062
bioprinting,226002652620622502522552066652260262504
transformist,552026622506262506062256252652506222266526
wrongs,225022222200265262522
radiosterilized,55200262560062520626625020625562522255602252502662563
systematisers,2250622525566225200222250266250656255652622503
branzini,2506026522602625060625202226
unwearied,55205622565526255652252002622503
brading,2260026522602625060625563
astrobiological,55660622550022225056625560262265522226602655620622264
nanometres,22052262560062520522655652222565562
medicalising,226556252665622506566220566225060225566062
aestheticizing,2260062526656225560225256266250206622005622556566
remailers,22506265200262256556255660622504
travelogs,22502662220026226606255265262563
shlockmeister,5250622256506655652662205222250602225650222564
scatteration,522602222660222506062552026625505665200262
glyph,550652255052662554
lessee,256556625605622250622
clinicians,22006225262566250506225025262205062
metatarsale,256556255665622550566220066252502662503
scowl,552602222606222264
subvolumes,22506222520562256602625202265562522
divergement,556026652620622520526256656225200262263
bawdiness,22006262200662252052252665662504
sanguin,5226022250606225652262263
totalizing,22205665262522255656652066622502566
axiomatic,22000622552066556566225055222564
lightning-tube,2565566520506225602225565666252656022655265262062
peeshoo,2226066226656255065622253
juices,220562625205622205062
expanses,2200262252506622506665266062
mislabelling,226556252620622556022556256655660622560026
Essequibo,26665625250022255602225602622553
bull-beef,52600262520562256556652055666564
protestantize,2520066525662625025225520266526656225500225523
unexpectable,252056255625265200562255506655206662200562
charqui,2506022256566625006625253
pausefully,25566665566062552656225206225260562
leasee,256556625605622200662
Kalinin,5662022250606252625662504
Peloponnese,202006622002622565566526252252260662264
self-destroy,255662222665625205266556022662052622560566
enucleate,25605625565226255056225600225564
Fulcher,5600226252056255025662203
antianxiety,250666255652262520566250206255066625264
roomers,2250626520522225655222564
bethel,556602625605625556566
conspiracists,2200622556522222052262556022225006625050625253
permeating,22200665266562255602655652622500562
ungravely,25562625562526256052252206262503
matamatas,22052622500062552026625000622564
unpoured,5520562256552652506662565222
ignorant,5565662526652225055265205222
chrestomathy,250662255020665520626250056225260222226566
unadoptable,252056255625265200062250056655652225553
profluvium,25260662520626250252252602262565266
smooth-paced,552002225655622205522250552255502662562060
malonic,2205562250606252625662264
Belgrad,5060026250056252052662263
waywodes,2250222256006255250622226522
woodcutters,225022252052222565522556026655606222523
cross-stitched,5560022252002655025222250022552062265025625520622
benjamins,22006265266562250252625620262503
uninvaded,55205622565526556506225055265223
upend,552056252260662563
protrudable,252006655260265205522255056655200262523
tushing,2220566522656225560225504
tearfully,25562665566562556606225206265263
wild-type,25205225505662250226655602666564
trional,5526566255002652620622264
reharmonizes,225062625605625202666250606252260262262562
sucken,522602225205622206022
Macca,200556222000622203
Carib,560002225060625253
schottische,252002255060222205066220522225565665523
insociable,25650625562526525002225055222506022
cabinet,5560622256006252660262504
PHOSITA,2050006506560620025522653
Supreme,2020022252656225200665253
republic,2250026250656255260665250562
Renault,5020626556656225652262503
olfactory,25022225205266226652655606622203
bauxites,2200626256006255202622552066
gridder,5200222252002655650625563
rivaled,5520026256506255265262503
subchapters,225062252502622560026556062255056662503
fourteener,52002262565522522656225200262520566
manoeuvers,22052625200662256552652652222560262
Solomon,5626022226252225625662264
bargh,550602622600625253
scimitarbills,2250622556602255620622502562520506252502662503
defect,556026622005622560526
nanolitres,22052262560062520522655652222502566
frats,220022655206262503
shaftways,22506222502666250006222602265523
tap-borer,52502662560062525066662625625203
nephew,226522625605625556066
Donner Pass,260026622052222505526550525655005655253
swampy,255662255502222566062
subserviently,2556622552656255606265226022256056225560265223
Gandhinagar,560022225000622265526250056652620662504
tryptone,2520566522602622220625520666
parcel,552606625600622250026
vivacissimo,222652625620622556526220066222006222504
bulau,256062625505625564
divarication,526656622620622556526556066225500262205062
uakari,255656252006622505022
glue-stock,22065222205566222656255602626205262
man-eating,22655625266062250252605652622500562
excommunicable,2560562552206652000222505522220556225025625226562
spurrey,2556622252006652502625253
superfrontal,552602225505625520666526656222260265200226
nonquantum,25625262565222556522652260622550562
monochromous,220526225652222262526256252222660225205666
thready,2556266556506625500262563
egree,256056225605225253
Lake Onega,20055662260062256502252665626266006
suboptimal,55260222550562256602625025225520666
remixer,5250626256056255022622504
varactor,5250226226606255206262200062
contemned,55600222565522526252625265662563
scheik,225602225060222565066
manipulates,220526225600625565226250506255260662523
autoplasty,25066625520262225026625055225526066
mdash,550256222002662503
overexcitement,5565222522652625605622526026256056255256662506022
married,5565562256006225560265253
aquapuncture,256006252506622520262556066222500665226562
leuciscus,22052662560262225056222006222504
Oktoberfest,506522222056222520566526552252006262563
ill-looking,226506252625662502566620256222625662264
Melitta,2005562556026255652662504
incontestable,2565062556252652000222505522556522622502662563
isofrequency,250266222500225262522256052625206262500262
skiagrams,22506222562022250506252006622263
hypochondres,220566625250625250666556552252660222262066
gullable,2560522552656252055662505566
publicized,55200662520562520662625025662205062
Discordian,56665662505062255602255600225205222
panniers,2250666520066225655262502526
gallivanting,226052252660622502566556526652620622550526
antagonizing,226006252625262556566520666225065225262522
entryphones,220026225655265226566222602655520625553
bee-feed,5560026256056225605620265562
belly-vengeance,25600262200562526256625055662525062626556252265262563
errand,556056252260262550026
traveler,5250266252002655660622520526
efficiencies,220026225605262506526220506252660222565062
mutualism,25625622250262255656655265622503
injections,22056625262526226202625065625560622
valiant,5520226526606225055662504
dispositioned,5560566256506252260222226066250252255206222504
loseable,2565566556252252500222500562
enring,226056252625262556026
remagnetization,52260262266562250256255606622500522520222625065625523
precipices,22506662520026220056225060225505662
committedness,2200622220522225655625262562556506225205665523
becharm,2566026520026225000225504
organ,526252225500262263
erodible,2560562552602652055222506566
horizontalizing,22650665262522255602652026622552026556252225055265523
landrush,5502566220066225652265200266
practicably,255666655260265200062250002222505662504
ortholog,2265522222602655265662262066
bombycine,25600265262522250256222000262554
hydradenitis,220566625520625560266255602652660622560566
spy-fi,255602252200662522065
broadminded,556002625200265565522526606225065662564
object-point,556522252660262502026226656255006222526560
beatings,2200626226056252660622556566
masculinists,220526255606622250622250602252265622502566
trans-Atlantic,2250566255602655606625262526255002205625625060662
chosen,526602225650662205222
hippodromes,220566625650622526066222606652052225563
rhinocerine,252002652620662502062520522625655222203
plesiosaur,52506662565266250056222506222262062
bootmaking,22600265262522250252222565662505562
daffiness,22002662200662256052652665262504
beardos,2200626226656255600625253
pochade,2520066556552225000225504
canon,526602222660625264
ellipticities,2200262256556625025665565662255606622505662504
actor,520066222660225523
syrphids,2250622552506225560265556066
atonal,556606225505665262522
palynomorph,555606655006625205266222206225625262264
overweening,226552252265262506562522602625205222563
skerries,2250622256502225065625250626
emery-paper,520026225655625500262255002655556626564
made-to-order,5205262256006255605665200262626256225265602264
shrubs,225062252050662520626
abjads,220066255600262505026
wherewith,55565225565666250656222206262563
star-shell,55260225526566256006255560266205262
apostrophes,220066225200665502522555062222265665253
putout,552066625202622226566
rappen,522602625600625550666
xiphiidæ,52250662502002225060622056064
qualophile,25200625526562250606255025665505222
wine-bowl,55265222265662226252652005626564
sostenuto,22260225565222252062252265662563
after-image,256006222605262550566256656225560266564
September,56506222560562525006625265662563
stoble,252002255265665205522
Archeozoic,26000622556026226602252026662266562
thiazine,2520566526206625020625206662
candidiasis,220062225060622205226250056625020625563
sprytes,2250622252006655206262554
purau,252066625505625253
tapadera,2550566520066225200665560062
Poland,502006652625222505566
panoptic,2250066250606255652265505222
gazet,556022225600625254
El Monte,2060562556526602660662662562
Ursula,205056255260262520622
sketchiest,55206222205622256056225565665506022
pyrographic,225006625520625556026550522225005225253
honeyfugle,25650665562522226552625602625225062
depuration,52665662266562255606655202622550026
Syzran,562602225550625255626
lighted,5565566256506255602225504
embarkations,220026252625622266026250606255206262505022
securitized,552002225605625206622255656255206262504
tonsure,2520566520522225652262253
yo-yo,222206225022226564
bearings,2200626226056252660622556026
ruffianism,25260262250262250652652665262505062
actuosity,25066625560622255656622502622264
copyhold,5560022556252222260665552062
closeting,22600225262566250252255206222563
couthy,250662255025225520262
ninety-first,556522622056625205226250656252205662522065
Mission Hill,506256255620622556022555605255050655262522
acrophony,25066625266022222602655025225553
articulately,250666255260262520566556566225000225526562
ten-to,222656655602622562520
flegm,256652622655662563
cleeks,220062222025662560562
joviality,25026265565222255652655620622503
26-page,6520026622052665055625553
Langtry,2002266520066255652262263
lollygaggers,220526652052222565566226556622250622500522
sandpapers,22506225200662256552655002662550066
taildragger,525026625600622265062226556625005665253
Zech.,562202055065622203
shoup,555062225656662264
categoriser,520062225600622250266250656252002222264
detaching,22605665266562255656655060622203
hog-wallow,22656662262522556652205625622550522
flashier,5200226256556625060625556022
colbertine,25600225262522250256655606265200262
museologist,556526222502622556022226056222625225564
Mariana Islands,26052625560062522602625050625566062220522625060020503
wheezes,2250222256506652062622563
balancings,22006262260062526256625060622205526
galley-west,556022222006622565566226526625665652554
deprecated,55605662560562552066625500262200562
turbidimeter,525026625205625520626256002625620622506566
cheesecake,25600222202066250056222005622520022
frou-frous,22002262520626226252252502620265562
chloramphenicol,55660222262066220556625025225226026256006255025625553
abider,520066225600265565062
staff-captain,5226022255656625000625560226550022665055622203
burrata,2500026552026225500265253
argumenta,25000625520626526652225205622564
Gracchi,2006522555602622000622203
tsunami,2556566252602225505625264
monocarbonate,2565562556522225055265262522226602252000625253
metaphysic,22055622506562225026625066625556066
shortgown,52260222265666226252222200265523
disconcerting,2260566526206225560225560622520522225655262203
squiress,2250622225066225205625205662
sylvicultural,5526022255506252052662520226556566255660222523
announcements,2200662556522652625262565522252656225655262203
threepeat,55202662505066252002655002622563
semimalignant,5520622526656225055625262062226556225060625564
waylay,255622225000625522062
supermini,25560225226562255606625665625253
pitas,225066625050625523
emoluments,22002625565262526252225655662526562
assignation,526606222260222556022556566225005225264
unturn,522656252052262520266
nonabsorbed,556552625655225205526520066222660262253
mestiza,2505562520626225560225523
tipple,252056655620625550666
Jenkins,2605626526656225025262204
sueable,2520022552656252005622503
godhed,556052225655225506566
knapper,5205622256552655006625553
portioners,22506665205222252002652265662262062
Correggio,26660222502522222002622200262563
subarea,2550022252056252006262503
radiologist,552062622006622506566226506222625225564
ovicides,2205222252052655650622506022
sandland,5520022526606225055265566566
heaven-born,526206652002622266062525052625665655264
sconed,552002225600225262522
Jonathan,5662026250552255025265560662
rediscovers,225062652002622560566526566222260222203
paraboloidal,552606625000625520026250606222660265562522
nasopharyngitis,22052262506062552062225025222220066526206625066625253
cirques,2200622256506225206262553
compotation,526602222625222502562552066625055225523
larmoyant,55652665266062255002625022622264
horsehoof,52650662262522222602655560222563
weare,252052252002622503
databank,2206566526606225505665200062
thirded,5520566256506655650625253
upbrought,55202625556066226002625206262264
neurons,2205226526656222265625253
photopolymer,525066625650662562522255626655625222226066
two-spirit,55202662556522520522265025625550622
uncrushable,252056255625265200022255002655565622253
yacking,2225062526606225060222204
aldomet,5560662256556625665662264
detoxification,5266566226656225565665565222255506622050622506526
doobs,220026652055222264
uncooled,5520562256552655660222262522
Gromyko,2666522225602625022222564
coalpit,5560622250252255006625564
cinclus,2200622256566255625262203
cross-tolerance,25600222250026526252225500225250622656556255265662264
druidism,2566566225062625565625565062
pennoned,5520066256056252625262262526
cirrh,550602252056625253
virilely,2556226556206225200265562062
theosoph,5556566550566622665622205222
seventhly,25566225566562555652655602625264
idiopathetic,220506225065665565662256552255560665560662
falconing,22605265266062250256652660222264
stressor,5250622222656622506262200262
scortch,5556022220002255652225253
conspiring,22600225262522250252652506222556066
southernly,25566225562522522656252502662565066
woodchucks,22502222202522220552225602665506022
fertilize,25605265206262255602655265662504
craps,220062255506262503
avernal,5566062255052652665625253
sprints,2250622552066652260262504
epoxying,2260562522606625025222552666
indemnified,556506225655262506566526056225025625264
unfamed,5520562256552625665262503
braggartry,25066265250626556066252002222500522
pleurum,2526066256526652002622523
osculatrix,55022222556022520062255202622505566
IANAE,206500220000025664
delinquents,220026655602625262566256506225652262553
olive-sized,556552225655665202662255652622002626564
valanche,2520526550606222055665266062
snigger,5250622256552622650622263
compulsorily,250662255625222502562525066622265622205266
neckcloths,22052265506562556062222620225566022
chestfuls,22006225562066256026252200225523
can-buoy,2506622226606225652260205562
polybags,2250666226552225055665255062
grepped,5560522252002655002625553
downconverter,5200266256552255202225205226256002252652225264
basihyal,5566026250006225566225502062
spall,552602255260662503
panegyrist,55206662200662250252652002622506222
grass-work,22065225250626226606222206222526025
floundered,55605262565566520522225205625565526
superoinferior,5250622222656225560665200262252002652655225262062
commonsensical,5566022250552222055622502562220522252625262520022
polyphosphoric,2250066250252252052662222062555606655056662205222
colchic,2200022250252255025662203
fossilizable,256052655625225250022255002252026622502566
